hero_names,Powers
3-D Man,"Agility,Super Strength,Stamina,Super Speed"
A-Bomb,"Accelerated Healing,Durability,Longevity,Super Strength,Stamina,Camouflage,Self-Sustenance"
Abe Sapien,"Agility,Accelerated Healing,Cold Resistance,Durability,Underwater breathing,Marksmanship,Weapons Master,Longevity,Intelligence,Super Strength,Telepathy,Stamina,Immortality,Reflexes,Enhanced Sight,Sub-Mariner"
Abin Sur,Lantern Power Ring
Abomination,"Accelerated Healing,Intelligence,Super Strength,Stamina,Super Speed,Invulnerability,Animation,Super Breath"
Abraxas,"Dimensional Awareness,Flight,Intelligence,Super Strength,Size Changing,Super Speed,Teleportation,Magic,Dimensional Travel,Immortality,Invulnerability,Molecular Manipulation,Energy Manipulation,Power Cosmic"
Absorbing Man,"Cold Resistance,Durability,Energy Absorption,Super Strength,Invulnerability,Elemental Transmogrification,Fire Resistance,Natural Armor,Molecular Manipulation,Heat Resistance,Matter Absorption"
Adam Monroe,"Accelerated Healing,Immortality,Regeneration"
Adam Strange,"Durability,Stealth,Flight,Marksmanship,Weapons Master,Intelligence,Super Speed,Fire Resistance,Enhanced Sight,Power Suit"
Agent Bob,Stealth
Agent Zero,"Energy Absorption,Longevity,Super Strength,Energy Blasts,Energy Beams,Power Suit"
Air-Walker,"Flight,Super Strength,Super Speed,Self-Sustenance,Molecular Manipulation,Power Cosmic"
Ajax,"Agility,Super Strength,Super Speed,Heat Generation,Power Suit"
Alan Scott,"Flight,Danger Sense,Intelligence,Telepathy,Energy Blasts,Super Speed,Teleportation,Energy Beams,Phasing,Force Fields,Hypnokinesis,Energy Manipulation,Invisibility"
Alex Mercer,"Agility,Accelerated Healing,Stealth,Energy Absorption,Danger Sense,Marksmanship,Weapons Master,Longevity,Super Strength,Energy Blasts,Stamina,Super Speed,Enhanced Senses,Jump,Shapeshifting,Immortality,Invulnerability,Elasticity,Substance Secretion,Enhanced Hearing,Natural Armor,Adaptation,Gliding,Natural Weapons,Wallcrawling,Matter Absorption,Vision - Thermal"
Alex Woolsly,Underwater breathing
Alien,"Agility,Cold Resistance,Durability,Stealth,Super Strength,Super Speed,Enhanced Senses,Jump,Substance Secretion,Natural Armor,Heat Resistance,Natural Weapons,Wallcrawling,Vision - Thermal"
Allan Quatermain,Marksmanship
Amazo,"Agility,Lantern Power Ring,Durability,Flight,Underwater breathing,Marksmanship,Power Augmentation,Longevity,Intelligence,Super Strength,Cryokinesis,Telepathy,Energy Blasts,Duplication,Size Changing,Stamina,Super Speed,Weapon-based Powers,Teleportation,Enhanced Senses,Jump,Shapeshifting,Camouflage,Phasing,Fire Control,Enhanced Memory,Reflexes,Invulnerability,Energy Constructs,Force Fields,Power Absorption,Enhanced Hearing,Time Travel,Enhanced Smell,Water Control,Vision - Telescopic,Magnetism,Invisibility,Vision - Microscopic,Super Breath,Vision - Night,Vision - Heat,Vision - X-Ray,Vision - Thermal"
Ammo,Weapons Master
Ando Masahashi,Power Augmentation
Angel,"Agility,Accelerated Healing,Durability,Stealth,Flight,Longevity,Super Strength,Stamina,Super Speed,Enhanced Senses,Magic,Immortality,Enhanced Memory,Psionic Powers,Enhanced Hearing,Gliding,Vision - Telescopic,Toxin and Disease Resistance"
Angel Dust,"Agility,Super Strength,Stamina,Super Speed"
Angel Salvadore,"Flight,Animal Attributes,Animal Oriented Powers,Regeneration,Toxin and Disease Control"
Angela,Longevity
Animal Man,"Animal Attributes,Telepathy,Energy Blasts,Animal Oriented Powers,Empathy"
Annihilus,"Agility,Durability,Flight,Super Strength,Stamina,Super Speed,Reflexes"
Ant-Man,"Intelligence,Size Changing"
Ant-Man II,"Agility,Stealth,Intelligence,Super Strength,Telepathy,Size Changing,Stamina,Animal Oriented Powers,Animal Control"
Anti-Monitor,"Accelerated Healing,Dimensional Awareness,Durability,Energy Absorption,Flight,Power Augmentation,Intelligence,Super Strength,Telepathy,Energy Blasts,Size Changing,Darkforce Manipulation,Teleportation,Energy Beams,Immortality,Invulnerability,Energy Constructs,Molecular Manipulation,Power Suit,Time Travel,Time Manipulation,Matter Absorption,Reality Warping"
Anti-Spawn,"Durability,Super Strength,Energy Blasts,Stamina,Teleportation,Energy Manipulation"
Anti-Venom,"Accelerated Healing,Durability,Danger Sense,Super Strength,Stamina,Enhanced Senses,Shapeshifting,Camouflage,Reflexes,Elasticity,Toxin and Disease Resistance,Wallcrawling,Web Creation,Symbiote Costume"
Apocalypse,"Agility,Accelerated Healing,Energy Absorption,Flight,Power Augmentation,Longevity,Super Strength,Telepathy,Energy Blasts,Size Changing,Stamina,Super Speed,Teleportation,Telekinesis,Shapeshifting,Immortality,Reflexes,Invulnerability,Force Fields,Natural Armor,Molecular Manipulation,Levitation,Biokinesis"
Aquababy,"Underwater breathing,Super Strength,Water Control"
Aqualad,"Durability,Underwater breathing,Super Strength,Cryokinesis,Telepathy,Stamina,Super Speed,Energy Beams,Magic,Enhanced Hearing,Heat Generation,Water Control,Vision - Night"
Aquaman,"Agility,Accelerated Healing,Cold Resistance,Durability,Stealth,Underwater breathing,Longevity,Intelligence,Super Strength,Telepathy,Stamina,Super Speed,Enhanced Senses,Reflexes,Invulnerability,Enhanced Hearing,Animal Control,Enhanced Sight,Heat Resistance,Enhanced Smell,Water Control,Sonar,Sub-Mariner,Vision - Night"
Arachne,"Agility,Accelerated Healing,Durability,Super Strength,Stamina,Super Speed,Reflexes,Psionic Powers,Toxin and Disease Resistance,Enhanced Touch,Wallcrawling,Web Creation"
Archangel,"Agility,Accelerated Healing,Durability,Flight,Super Strength,Stamina,Gliding,Vision - Telescopic"
Arclight,"Durability,Super Strength,Stamina,Seismic Power"
Ardina,"Agility,Accelerated Healing,Cold Resistance,Durability,Flight,Super Strength,Energy Blasts,Super Speed,Enhanced Senses,Reflexes,Invulnerability,Self-Sustenance,Empathy,Molecular Manipulation,Energy Manipulation,Heat Resistance,Power Cosmic"
Ares,"Agility,Accelerated Healing,Durability,Super Strength,Stamina,Super Speed,Immortality,Reflexes"
Ariel,"Telepathy,Teleportation"
Armor,"Super Strength,Energy Armor,Psionic Powers"
Astro Boy,"Flight,Super Strength,Energy Blasts,Super Speed,Weapon-based Powers,Enhanced Hearing,Vision - Telescopic,Omnilingualism"
Atlas,"Durability,Stealth,Intelligence,Super Strength,Size Changing,Stamina,Super Speed,Immortality,Reflexes,Invulnerability,Self-Sustenance"
Atom,"Longevity,Super Strength,Duplication,Stamina,Super Speed,Radiation Immunity"
Atom Girl,Size Changing
Atom II,"Flight,Super Strength,Size Changing,Density Control,Gliding"
Atom III,Size Changing
Atom IV,Intelligence
Aurora,"Accelerated Healing,Durability,Flight,Energy Blasts,Super Speed,Reflexes,Molecular Manipulation,Light Control,Illumination,Molecular Combustion"
Azazel,"Accelerated Healing,Longevity,Teleportation,Dimensional Travel,Shapeshifting,Regeneration"
Azrael,"Weapons Master,Super Strength,Stamina,Super Speed,Weapon-based Powers"
Aztar,"Flight,Super Strength,Telepathy,Stamina,Astral Travel,Super Speed,Teleportation,Magic,Invulnerability,Precognition,Intangibility,Illusions,Invisibility"
Bananaman,"Flight,Super Strength,Super Speed,Invulnerability"
Bane,"Durability,Super Strength,Stamina,Super Speed,Enhanced Memory,Reflexes"
Banshee,"Flight,Audio Control,Force Fields,Enhanced Hearing,Sonar,Sonic Scream"
Bantam,"Durability,Super Strength,Stamina"
Batgirl,"Stealth,Marksmanship,Weapons Master,Intelligence,Stamina,Weapon-based Powers,Reflexes"
Batgirl IV,"Agility,Stealth,Weapons Master,Peak Human Condition,Toxin and Disease Resistance"
Batgirl VI,"Agility,Marksmanship,Stamina,Weapon-based Powers"
Batman,"Agility,Durability,Stealth,Underwater breathing,Marksmanship,Weapons Master,Intelligence,Super Strength,Stamina,Super Speed,Weapon-based Powers,Peak Human Condition,Reflexes,Gliding,Power Suit,Vision - Night,Vision - Infrared"
Batman II,"Agility,Stealth,Marksmanship,Weapons Master,Intelligence,Stamina,Weapon-based Powers,Peak Human Condition"
Battlestar,"Agility,Durability,Super Strength,Stamina,Super Speed,Reflexes"
Batwoman V,"Stealth,Marksmanship,Weapons Master,Intelligence,Stamina,Dexterity"
Beak,"Flight,Gliding,Vision - Telescopic"
Beast,"Agility,Accelerated Healing,Animal Attributes,Intelligence,Super Strength,Stamina,Dexterity,Super Speed,Enhanced Senses,Jump,Reflexes,Natural Weapons,Wallcrawling,Vision - Night"
Beast Boy,"Agility,Durability,Flight,Animal Attributes,Super Strength,Size Changing,Super Speed,Animal Oriented Powers,Shapeshifting,Empathy,Natural Armor,Natural Weapons,Sub-Mariner,Wallcrawling"
Ben 10,"Omnitrix,Shapeshifting"
Beta Ray Bill,"Accelerated Healing,Super Strength,Stamina,Super Speed,Immortality,Invulnerability,Toxin and Disease Resistance"
Beyonder,"Accelerated Healing,Dimensional Awareness,Energy Absorption,Flight,Super Strength,Telepathy,Energy Blasts,Size Changing,Super Speed,Teleportation,Telekinesis,Shapeshifting,Immortality,Invulnerability,Force Fields,Psionic Powers,Energy Manipulation,Omnipotent,Reality Warping"
Big Barda,"Agility,Durability,Flight,Longevity,Super Strength,Stamina,Immortality,Reflexes,Invulnerability,Toxin and Disease Resistance"
Big Daddy,Stamina
Big Man,Marksmanship
Bill Harken,"Super Strength,Super Speed,Toxin and Disease Resistance"
Billy Kincaid,Possession
Binary,"Durability,Energy Absorption,Flight,Super Strength,Energy Blasts,Super Speed"
Bionic Woman,"Agility,Durability,Super Strength,Stamina,Super Speed,Jump,Enhanced Hearing"
Bird-Brain,"Flight,Animal Attributes,Natural Weapons"
Bird-Man,"Flight,Super Strength,Animal Oriented Powers,Natural Weapons"
Bird-Man II,"Flight,Power Suit"
Birdman,"Agility,Energy Absorption,Flight,Longevity,Intelligence,Super Strength,Energy Blasts,Stamina,Immortality,Force Fields"
Bishop,"Accelerated Healing,Energy Absorption,Super Strength,Energy Blasts,Stamina,Invulnerability,Time Travel,Energy Resistance"
Bizarro,"Agility,Accelerated Healing,Durability,Energy Absorption,Flight,Marksmanship,Longevity,Super Strength,Cryokinesis,Stamina,Super Speed,Enhanced Senses,Jump,Invulnerability,Self-Sustenance,Enhanced Hearing,Hypnokinesis,Enhanced Sight,Vision - Telescopic,Vision - Microscopic,Super Breath,Vision - X-Ray,Vision - Cryo"
Bizarro-Girl,"Agility,Accelerated Healing,Durability,Energy Absorption,Flight,Super Strength,Stamina,Super Speed,Enhanced Senses,Jump,Enhanced Memory,Reflexes,Invulnerability,Enhanced Hearing,Enhanced Sight,Vision - Telescopic,Toxin and Disease Resistance,Vision - Microscopic,Super Breath,Vision - Cryo"
Black Abbott,"Telepathy,Energy Blasts,Telekinesis,Mind Control,Mind Blast"
Black Adam,"Accelerated Healing,Flight,Longevity,Intelligence,Super Strength,Energy Blasts,Stamina,Super Speed,Telekinesis,Magic,Clairvoyance,Invulnerability,Self-Sustenance,Enhanced Hearing"
Black Bolt,"Agility,Durability,Energy Absorption,Flight,Longevity,Super Strength,Telepathy,Energy Blasts,Stamina,Super Speed,Reflexes,Molecular Manipulation,Sonic Scream"
Black Canary,"Agility,Stealth,Marksmanship,Weapons Master,Intelligence,Stamina,Audio Control,Reflexes,Sonic Scream"
Black Cat,"Agility,Super Strength,Stamina,Super Speed,Reflexes,Probability Manipulation,Vision - Infrared"
Black Flash,"Agility,Stealth,Flight,Super Strength,Stamina,Super Speed,Death Touch,Enhanced Senses,Dimensional Travel,Immortality,Intangibility,Natural Weapons,Time Manipulation"
Black Knight III,Weapon-based Powers
Black Lightning,"Energy Absorption,Flight,Energy Blasts,Electrokinesis,Peak Human Condition,Force Fields,Energy Manipulation"
Black Mamba,"Darkforce Manipulation,Hypnokinesis,Illusions"
Black Manta,"Agility,Cold Resistance,Durability,Stealth,Underwater breathing,Marksmanship,Weapons Master,Super Strength,Energy Blasts,Stamina,Super Speed,Jump,Peak Human Condition,Camouflage,Power Suit,Vision - Telescopic,Sub-Mariner,Vision - Infrared"
Black Panther,"Agility,Stealth,Marksmanship,Weapons Master,Stamina,Enhanced Senses,Peak Human Condition,Enhanced Memory,Reflexes,Enhanced Hearing,Enhanced Smell,Vision - Telescopic,Vision - Night"
Black Vulcan,"Flight,Super Speed,Electrokinesis,Time Travel"
Black Widow,"Agility,Stealth,Marksmanship,Weapons Master,Longevity,Intelligence,Stamina,Peak Human Condition,Reflexes"
Blackout,"Agility,Accelerated Healing,Durability,Super Strength,Stamina,Super Speed,Camouflage,Reflexes,Vision - Telescopic,Vision - Night"
Blackwing,"Flight,Telepathy"
Blackwulf,"Durability,Super Strength,Energy Blasts,Death Touch"
Blade,"Agility,Accelerated Healing,Weapons Master,Super Strength,Stamina,Super Speed,Enhanced Senses,Enhanced Hearing,Enhanced Smell,Vision - Telescopic,Vision - Night"
Bling!,"Durability,Natural Armor,Natural Weapons"
Blink,Teleportation
Blizzard,"Cryokinesis,Weapon-based Powers"
Blizzard II,Cryokinesis
Blob,"Durability,Super Strength,Gravity Control"
Bloodaxe,"Agility,Durability,Super Strength,Cryokinesis,Energy Blasts,Stamina,Super Speed,Weapon-based Powers,Teleportation,Fire Control,Reflexes,Invulnerability,Magnetism"
Bloodhawk,"Flight,Enhanced Senses,Shapeshifting,Regeneration,Natural Weapons,Radiation Immunity,Toxin and Disease Resistance"
Bloodwraith,"Energy Absorption,Weapons Master,Super Strength,Energy Blasts,Weapon-based Powers,Teleportation,Telekinesis,Magic,Invulnerability"
Blue Beetle,"Flight,Super Strength,Energy Blasts"
Blue Beetle II,Intelligence
Blue Beetle III,"Agility,Accelerated Healing,Cold Resistance,Flight,Super Strength,Energy Blasts,Force Fields,Technopath/Cyberpath,Power Suit,Energy Manipulation,Heat Resistance,Symbiote Costume"
Blue Streak,"Accelerated Healing,Super Speed,Power Suit"
Boba Fett,"Agility,Stealth,Flight,Marksmanship,Weapons Master,Intelligence,Stamina,Enhanced Hearing,Enhanced Sight,Power Suit,Radar Sense"
Bomb Queen,"Accelerated Healing,Energy Blasts"
Boom-Boom,"Agility,Energy Absorption,Energy Blasts,Energy Beams,Psionic Powers,Energy Manipulation"
Booster Gold,"Agility,Durability,Flight,Weapons Master,Longevity,Intelligence,Super Strength,Energy Blasts,Enhanced Senses,Invulnerability,Force Fields,Precognition,Enhanced Hearing,Power Suit,Time Travel,Time Manipulation,Vision - Infrared,Vision - X-Ray"
Box IV,Telekinesis
Bradley,Electrokinesis
Brainiac,"Durability,Flight,Longevity,Intelligence,Super Strength,Telepathy,Super Speed,Telekinesis,Force Fields,Self-Sustenance,Omnilingualism"
Brainiac 5,"Intelligence,Energy Beams,Force Fields"
Brother Voodoo,Magic
Brundlefly,"Agility,Stealth,Super Strength,Stamina,Toxin and Disease Control,Wallcrawling"
Buffy,"Agility,Accelerated Healing,Durability,Stealth,Danger Sense,Super Strength,Stamina,Super Speed,Enhanced Memory,Reflexes,Psionic Powers,Vision - Telescopic"
Bullseye,"Durability,Marksmanship,Weapons Master"
Bumblebee,"Stealth,Flight,Intelligence,Super Strength,Energy Blasts,Size Changing,Stamina,Electrokinesis,Enhanced Sight,Power Suit"
Bumbleboy,"Flight,Telepathy"
Bushido,"Agility,Weapons Master"
Cable,"Agility,Accelerated Healing,Durability,Stealth,Flight,Marksmanship,Weapons Master,Intelligence,Super Strength,Telepathy,Energy Blasts,Stamina,Dexterity,Super Speed,Teleportation,Telekinesis,Astral Projection,Force Fields,Psionic Powers,Technopath/Cyberpath,Precognition,Mind Control,Molecular Manipulation,Mind Blast,Time Travel,Illusions,Cloaking,Telepathy Resistance,Mind Control Resistance,Vision - Thermal"
Callisto,"Agility,Accelerated Healing,Super Strength,Enhanced Senses,Reflexes,Wallcrawling,Vision - Night"
Cameron Hicks,"Marksmanship,Hyperkinesis,Spatial Awareness"
Cannonball,"Energy Absorption,Flight,Energy Armor,Super Speed,Immortality"
Captain America,"Agility,Durability,Stealth,Marksmanship,Weapons Master,Longevity,Stamina,Weapon-based Powers,Peak Human Condition,Reflexes"
Captain Atom,"Agility,Accelerated Healing,Energy Absorption,Flight,Weapons Master,Super Strength,Energy Blasts,Super Speed,Enhanced Senses,Immortality,Phasing,Invulnerability,Force Fields,Self-Sustenance,Radiation Control,Technopath/Cyberpath,Natural Armor,Enhanced Sight,Molecular Manipulation,Heat Generation,Energy Manipulation,Time Travel,Radiation Immunity,Energy Resistance,Time Manipulation,Invisibility,Radiation Absorption"
Captain Britain,"Agility,Durability,Stealth,Flight,Super Strength,Stamina,Super Speed,Enhanced Senses,Reflexes,Force Fields"
Captain Cold,"Cryokinesis,Weapon-based Powers"
Captain Epic,"Super Strength,Super Speed,Jump"
Captain Hindsight,"Flight,Super Speed,Enhanced Senses"
Captain Marvel,"Agility,Accelerated Healing,Cold Resistance,Durability,Energy Absorption,Flight,Danger Sense,Marksmanship,Longevity,Intelligence,Super Strength,Energy Blasts,Stamina,Super Speed,Teleportation,Magic,Clairvoyance,Immortality,Enhanced Memory,Reflexes,Invulnerability,Energy Constructs,Self-Sustenance,Precognition,Enhanced Hearing,Hypnokinesis,Levitation,Energy Manipulation,Heat Resistance,Toxin and Disease Resistance,Omnilingualism,Magic Resistance,Super Breath"
Captain Marvel II,"Intelligence,Super Strength,Clairvoyance,Invulnerability,Hypnokinesis,Omnilingualism"
Captain Midnight,"Stealth,Flight,Marksmanship,Intelligence"
Captain Planet,"Flight,Super Strength,Cryokinesis,Telepathy,Energy Blasts,Stamina,Super Speed,Electrokinesis,Enhanced Senses,Telekinesis,Shapeshifting,Immortality,Element Control,Fire Control,Invulnerability,Empathy,Elemental Transmogrification,Enhanced Hearing,Enhanced Sight,Molecular Manipulation,Enhanced Smell,Water Control,Plant Control,Sub-Mariner,Super Breath,Terrakinesis"
Captain Universe,"Cold Resistance,Flight,Power Augmentation,Energy Blasts,Enhanced Senses,Molecular Manipulation,Energy Manipulation,Heat Resistance"
Carnage,"Agility,Accelerated Healing,Durability,Danger Sense,Super Strength,Stamina,Super Speed,Weapon-based Powers,Jump,Shapeshifting,Camouflage,Reflexes,Natural Weapons,Wallcrawling,Web Creation,Symbiote Costume"
Cat,"Agility,Super Strength,Stamina,Enhanced Senses,Jump"
Catwoman,"Agility,Stealth,Marksmanship,Animal Attributes,Stamina,Dexterity,Peak Human Condition,Empathy"
Century,"Teleportation,Dimensional Travel,Regeneration"
Cerebra,Power Sense
Chamber,"Telepathy,Energy Beams,Psionic Powers,Mind Blast"
Chameleon,Shapeshifting
Changeling,"Telepathy,Telekinesis,Shapeshifting"
Cheetah,"Agility,Stealth,Stamina,Animal Oriented Powers,Reflexes"
Cheetah II,"Agility,Super Strength,Stamina,Super Speed,Animal Oriented Powers,Reflexes"
Cheetah III,"Agility,Durability,Stealth,Animal Attributes,Intelligence,Super Strength,Stamina,Super Speed,Animal Oriented Powers,Enhanced Senses,Jump,Shapeshifting,Reflexes,Enhanced Hearing,Animal Control,Enhanced Sight,Enhanced Smell,Vision - Night"
Chromos,"Agility,Super Strength,Energy Blasts,Stamina,Teleportation,Energy Beams,Fire Control,Reflexes,Probability Manipulation,Heat Resistance,Telepathy Resistance,Vision - Heat"
Chuck Norris,Peak Human Condition
Citizen Steel,"Agility,Durability,Super Strength,Super Speed,Jump,Reflexes,Natural Armor"
Claire Bennet,"Accelerated Healing,Regeneration"
Clayface,"Agility,Super Strength,Size Changing,Density Control,Stamina,Super Speed,Shapeshifting"
Cloak,"Dimensional Awareness,Darkforce Manipulation,Teleportation,Force Fields,Intangibility"
Cogliostro,"Immortality,Invulnerability"
Colossus,"Cold Resistance,Durability,Super Strength,Stamina,Super Speed,Invulnerability,Self-Sustenance,Natural Armor,Heat Resistance"
Concrete,"Super Strength,Stamina"
Copycat,"Stealth,Weapons Master,Shapeshifting,Camouflage,Power Absorption"
Cottonmouth,Super Strength
Crimson Crusader,"Flight,Longevity,Force Fields,Gravity Control"
Crimson Dynamo,"Durability,Flight,Super Strength,Energy Blasts"
Crystal,"Super Strength,Stamina,Super Speed,Element Control,Fire Control,Reflexes,Water Control,Wind Control"
Curse,"Intelligence,Energy Blasts,Magic"
Cy-Gor,"Animal Attributes,Super Strength,Stamina,Dexterity,Super Speed,Enhanced Senses,Technopath/Cyberpath"
Cyborg,"Durability,Flight,Super Strength,Stamina,Super Speed,Weapon-based Powers,Enhanced Senses,Technopath/Cyberpath,Enhanced Hearing,Natural Armor,Power Suit,Vision - Thermal"
Cyborg Superman,"Durability,Energy Absorption,Flight,Super Strength,Stamina,Super Speed,Immortality,Invulnerability,Energy Constructs,Technopath/Cyberpath,Enhanced Hearing,Molecular Manipulation,Energy Manipulation,Vision - Telescopic,Vision - Microscopic,Vision - Night,Vision - Heat,Qwardian Power Ring,Vision - X-Ray"
Cyclops,"Agility,Energy Absorption,Marksmanship,Intelligence,Energy Blasts,Energy Beams,Energy Resistance"
DL Hawkins,Phasing
Dagger,"Energy Blasts,Light Control,Natural Weapons"
Daphne Powell,Telepathy
Daredevil,"Agility,Stealth,Marksmanship,Weapons Master,Intelligence,Telepathy,Stamina,Enhanced Senses,Reflexes,Enhanced Hearing,Echolocation,Enhanced Smell,Enhanced Touch,Radar Sense"
Darkhawk,"Durability,Flight,Energy Blasts,Weapon-based Powers,Force Fields,Power Suit,Vision - Telescopic,Vision - Infrared"
Darkman,"Durability,Intelligence,Super Strength"
Darkseid,"Agility,Accelerated Healing,Dimensional Awareness,Flight,Marksmanship,Intelligence,Super Strength,Telepathy,Energy Blasts,Size Changing,Stamina,Super Speed,Teleportation,Telekinesis,Energy Beams,Dimensional Travel,Immortality,Astral Projection,Reflexes,Invulnerability,Force Fields,Psionic Powers,Mind Control,Molecular Manipulation,Levitation,Energy Manipulation,Toxin and Disease Resistance,Resurrection"
Darkstar,"Flight,Energy Blasts,Teleportation,Energy Constructs,Energy Manipulation"
Darth Maul,"Agility,Durability,Stealth,Danger Sense,Marksmanship,Weapons Master,Super Strength,Telepathy,Stamina,Electrokinesis,Darkforce Manipulation,Telekinesis,Illusions,The Force"
Darth Vader,"Agility,Accelerated Healing,Durability,Stealth,Danger Sense,Marksmanship,Weapons Master,Intelligence,Telepathy,Energy Blasts,Super Speed,Electrokinesis,Enhanced Senses,Telekinesis,Jump,Astral Projection,Reflexes,Force Fields,Psionic Powers,Precognition,Enhanced Hearing,Hypnokinesis,Light Control,Illusions,Cloaking,The Force"
Dash,"Agility,Stamina,Super Speed,Reflexes"
Data,"Agility,Cold Resistance,Durability,Longevity,Intelligence,Super Strength,Super Speed,Enhanced Senses,Enhanced Memory,Reflexes,Technopath/Cyberpath,Enhanced Hearing,Enhanced Sight,Heat Resistance,Enhanced Smell,Omnilingualism"
Dazzler,"Agility,Energy Absorption,Marksmanship,Energy Blasts,Stamina,Audio Control,Energy Beams,Energy Constructs,Force Fields,Heat Generation,Light Control,Levitation,Energy Manipulation,Illusions,Resurrection"
Deadman,"Agility,Lantern Power Ring,Flight,Stamina,Possession,Teleportation,Magic,Immortality,Phasing,Intangibility,Levitation,Invisibility"
Deadpool,"Agility,Accelerated Healing,Dimensional Awareness,Stealth,Marksmanship,Weapons Master,Longevity,Stamina,Weapon-based Powers,Teleportation,Immortality,Reflexes,Regeneration,Toxin and Disease Resistance,Telepathy Resistance,Mind Control Resistance"
Deadshot,"Stealth,Marksmanship,Weapons Master,Stamina"
Deathlok,"Agility,Durability,Intelligence,Super Strength,Stamina,Super Speed,Enhanced Memory,Reflexes,Vision - Telescopic,Vision - Microscopic,Vision - Infrared"
Deathstroke,"Agility,Accelerated Healing,Durability,Weapons Master,Longevity,Super Strength,Super Speed,Weapon-based Powers,Enhanced Senses,Reflexes,Toxin and Disease Resistance"
Dementor,"Agility,Super Strength"
Demogoblin,"Agility,Super Strength,Telepathy,Stamina,Super Speed,Magic,Reflexes,Natural Weapons"
Destroyer,"Super Strength,Energy Blasts,Size Changing,Molecular Manipulation,Levitation"
Diamondback,"Marksmanship,Weapons Master"
Doc Samson,"Durability,Super Strength,Stamina"
Doctor Doom,"Durability,Flight,Super Strength,Energy Blasts,Stamina,Astral Travel,Super Speed,Weapon-based Powers,Electrokinesis,Teleportation,Magic,Dimensional Travel,Summoning,Force Fields,Time Travel"
Doctor Doom II,"Flight,Super Strength,Energy Blasts,Force Fields,Psionic Powers"
Doctor Fate,"Accelerated Healing,Dimensional Awareness,Flight,Longevity,Super Strength,Telepathy,Energy Blasts,Super Speed,Teleportation,Telekinesis,Dimensional Travel,Phasing,Astral Projection,Energy Constructs,Mind Control,Molecular Manipulation,Illusions,Energy Resistance,Magnetism,Time Manipulation,Invisibility,Resurrection"
Doctor Octopus,"Agility,Marksmanship,Intelligence,Super Strength,Stamina,Super Speed,Weapon-based Powers,Technopath/Cyberpath,Power Suit,Wallcrawling"
Doctor Poison,"Intelligence,Toxin and Disease Control"
Doctor Strange,"Dimensional Awareness,Flight,Longevity,Telepathy,Energy Blasts,Teleportation,Telekinesis,Magic,Dimensional Travel,Phasing,Astral Projection,Summoning,Force Fields,Hypnokinesis,Intangibility,Banish,Time Travel,Illusions,Time Manipulation,Invisibility"
Domino,"Agility,Marksmanship,Reflexes,Probability Manipulation"
Donatello,"Agility,Accelerated Healing,Stealth,Marksmanship,Weapons Master,Stamina,Jump,Natural Armor,Sub-Mariner"
Donna Troy,"Flight,Super Strength,Super Speed"
Doomsday,"Agility,Accelerated Healing,Cold Resistance,Durability,Energy Absorption,Super Strength,Stamina,Super Speed,Jump,Reflexes,Invulnerability,Self-Sustenance,Power Absorption,Natural Armor,Adaptation,Regeneration,Heat Resistance,Natural Weapons,Energy Resistance,Resurrection"
Doppelganger,"Agility,Accelerated Healing,Super Strength,Stamina,Super Speed,Shapeshifting,Reflexes,Natural Weapons,Wallcrawling"
Dormammu,"Power Augmentation,Super Strength,Telepathy,Size Changing,Stamina,Super Speed,Darkforce Manipulation,Teleportation,Magic,Dimensional Travel,Shapeshifting,Immortality,Molecular Manipulation"
Dr Manhattan,"Accelerated Healing,Durability,Energy Absorption,Flight,Longevity,Intelligence,Super Strength,Energy Blasts,Duplication,Size Changing,Density Control,Super Speed,Teleportation,Telekinesis,Immortality,Phasing,Invulnerability,Energy Constructs,Force Fields,Self-Sustenance,Precognition,Intangibility,Molecular Manipulation,Energy Manipulation,Time Travel,Omnilingualism,Time Manipulation,Matter Absorption,Molecular Dissipation"
Drax the Destroyer,"Agility,Accelerated Healing,Cold Resistance,Durability,Weapons Master,Super Strength,Stamina,Enhanced Senses,Self-Sustenance,Heat Resistance,Enhanced Smell"
Ego,"Energy Absorption,Super Strength,Super Speed"
Elastigirl,"Agility,Durability,Super Strength,Size Changing,Shapeshifting,Invulnerability,Elasticity"
Electro,"Super Speed,Electrokinesis,Electrical Transport"
Elektra,"Agility,Stealth,Danger Sense,Marksmanship,Weapons Master,Intelligence,Telepathy,Peak Human Condition,Hypnokinesis,Telepathy Resistance"
Elle Bishop,Electrokinesis
Elongated Man,"Agility,Durability,Size Changing,Shapeshifting,Elasticity"
Emma Frost,"Durability,Super Strength,Telepathy,Density Control,Stamina,Possession,Camouflage,Astral Projection,Psionic Powers,Mind Control,Natural Armor,Illusions,Telepathy Resistance,Mind Control Resistance"
Enchantress,"Accelerated Healing,Durability,Flight,Super Strength,Teleportation,Enhanced Senses,Magic,Element Control,Phasing,Fire Control,Reflexes,Energy Constructs,Intangibility,Illusions"
Energy,"Flight,Electrokinesis,Energy Manipulation"
Ethan Hunt,"Agility,Durability,Stealth,Marksmanship,Weapons Master,Intelligence,Stamina,Reflexes"
Etrigan,"Accelerated Healing,Durability,Super Strength,Energy Blasts,Enhanced Senses,Magic,Jump,Immortality,Precognition,Natural Weapons"
Evil Deadpool,"Agility,Accelerated Healing,Dimensional Awareness,Stealth,Marksmanship,Weapons Master,Longevity,Stamina,Weapon-based Powers,Teleportation,Immortality,Reflexes,Regeneration,Toxin and Disease Resistance,Telepathy Resistance,Mind Control Resistance"
Evilhawk,"Accelerated Healing,Durability,Flight,Super Strength,Energy Blasts,Weapon-based Powers,Force Fields,Power Suit,Vision - Telescopic,Vision - Infrared"
Exodus,"Accelerated Healing,Flight,Telepathy,Energy Blasts,Teleportation,Telekinesis,Astral Projection,Psionic Powers,Mind Blast,Regeneration,Illusions,Resurrection"
Fabian Cortez,Power Augmentation
Falcon,"Flight,Telepathy,Animal Oriented Powers,Gliding"
Fallen One II,"Accelerated Healing,Durability,Energy Absorption,Flight,Super Strength,Telepathy,Energy Blasts,Size Changing,Super Speed,Darkforce Manipulation,Enhanced Senses,Phasing,Invulnerability,Self-Sustenance,Gravity Control,Energy Manipulation,Time Travel,Illusions"
Faora,"Accelerated Healing,Durability,Energy Absorption,Flight,Longevity,Intelligence,Super Strength,Stamina,Super Speed,Enhanced Senses,Jump,Invulnerability,Enhanced Hearing,Hypnokinesis,Vision - Telescopic,Vision - Microscopic,Super Breath,Vision - Heat,Vision - X-Ray"
Feral,"Agility,Accelerated Healing,Super Strength,Super Speed,Animal Oriented Powers,Enhanced Senses,Jump,Reflexes,Natural Weapons"
Fighting Spirit,"Flight,Super Strength,Invulnerability"
Fin Fang Foom,"Accelerated Healing,Durability,Flight,Longevity,Super Strength,Telepathy,Stamina,Possession,Shapeshifting,Substance Secretion"
Fire,"Flight,Fire Control,Intangibility"
Firebird,"Flight,Energy Blasts,Immortality,Fire Control,Fire Resistance,Energy Manipulation,Heat Resistance"
Firelord,"Durability,Flight,Energy Blasts,Fire Control,Energy Manipulation,Heat Resistance"
Firestar,"Flight,Energy Blasts,Enhanced Senses,Heat Generation,Energy Manipulation,Energy Resistance"
Firestorm,"Durability,Energy Absorption,Flight,Super Strength,Energy Blasts,Density Control,Shapeshifting,Phasing,Fire Control,Enhanced Memory,Energy Constructs,Self-Sustenance,Psionic Powers,Molecular Manipulation,Heat Generation,Regeneration,Energy Manipulation,Heat Resistance,Vision - Telescopic,Vision - Microscopic,Vision - X-Ray,Vision - Thermal"
Flash,"Accelerated Healing,Energy Absorption,Flight,Longevity,Stamina,Super Speed,Enhanced Senses,Phasing,Reflexes,Energy Constructs,Self-Sustenance"
Flash Gordon,Marksmanship
Flash II,"Agility,Accelerated Healing,Energy Absorption,Flight,Longevity,Energy Blasts,Stamina,Super Speed,Enhanced Senses,Phasing,Reflexes,Energy Constructs,Self-Sustenance,Time Travel,Speed Force"
Flash III,"Accelerated Healing,Flight,Longevity,Super Strength,Stamina,Super Speed,Enhanced Senses,Dimensional Travel,Phasing,Reflexes,Energy Constructs,Self-Sustenance,Power Absorption,Time Travel"
Flash IV,"Accelerated Healing,Super Speed,Dimensional Travel,Enhanced Memory,Reflexes,Energy Constructs,Time Travel"
Forge,"Intelligence,Magic"
Franklin Richards,"Agility,Dimensional Awareness,Durability,Flight,Longevity,Intelligence,Super Strength,Telepathy,Energy Blasts,Duplication,Stamina,Super Speed,Teleportation,Telekinesis,Immortality,Astral Projection,Invulnerability,Force Fields,Animation,Precognition,Molecular Manipulation,Energy Manipulation,Time Travel,Illusions,Omnipotent,Telepathy Resistance,Time Manipulation,Grim Reaping,Reality Warping"
Frenzy,"Cold Resistance,Super Strength,Stamina,Invulnerability,Heat Resistance"
Frigga,"Super Strength,Magic"
Galactus,"Accelerated Healing,Dimensional Awareness,Durability,Energy Absorption,Flight,Marksmanship,Longevity,Intelligence,Super Strength,Telepathy,Energy Blasts,Size Changing,Stamina,Super Speed,Teleportation,Telekinesis,Energy Beams,Dimensional Travel,Immortality,Invulnerability,Force Fields,Psionic Powers,Molecular Manipulation,Regeneration,Levitation,Energy Manipulation,Power Cosmic,Toxin and Disease Resistance,Portal Creation,Grim Reaping,Resurrection,Vitakinesis"
Gambit,"Agility,Telekinesis,Psionic Powers,Energy Manipulation,Telepathy Resistance"
Gamora,"Agility,Accelerated Healing,Durability,Stealth,Marksmanship,Weapons Master,Intelligence,Super Strength,Stamina,Super Speed,Enhanced Senses,Reflexes,Telepathy Resistance"
Garbage Man,Accelerated Healing
Gary Bell,"Intelligence,Enhanced Senses"
General Zod,"Accelerated Healing,Durability,Energy Absorption,Flight,Longevity,Intelligence,Super Strength,Stamina,Super Speed,Enhanced Senses,Jump,Invulnerability,Enhanced Hearing,Hypnokinesis,Vision - Telescopic,Vision - Microscopic,Super Breath,Vision - Heat,Vision - X-Ray"
Genesis,"Projection,Psionic Powers"
Ghost Rider,"Agility,Accelerated Healing,Durability,Marksmanship,Longevity,Super Strength,Energy Blasts,Stamina,Super Speed,Weapon-based Powers,Magic,Shapeshifting,Fire Control,Invulnerability,Psionic Powers,Fire Resistance,Heat Generation,Heat Resistance,Magic Resistance"
Ghost Rider II,"Durability,Super Strength,Fire Control,Fire Resistance,Heat Resistance"
Giganta,"Durability,Intelligence,Super Strength,Size Changing"
Gladiator,"Agility,Accelerated Healing,Flight,Longevity,Super Strength,Stamina,Super Speed,Reflexes,Invulnerability,Enhanced Hearing,Enhanced Smell,Telepathy Resistance,Vision - Microscopic,Super Breath,Vision - Heat"
Goblin Queen,"Telepathy,Telekinesis,Summoning"
Godzilla,"Agility,Durability,Energy Absorption,Danger Sense,Longevity,Super Strength,Energy Blasts,Stamina,Energy Beams,Immortality,Invulnerability,Enhanced Hearing,Natural Armor,Enhanced Sight,Heat Resistance,Natural Weapons,Enhanced Smell,Sub-Mariner"
Gog,"Agility,Super Strength,Natural Weapons"
Goku,"Agility,Accelerated Healing,Flight,Danger Sense,Marksmanship,Weapons Master,Longevity,Super Strength,Telepathy,Energy Blasts,Duplication,Stamina,Super Speed,Electrokinesis,Teleportation,Jump,Shapeshifting,Immortality,Invulnerability,Energy Constructs,Force Fields,Levitation,Energy Manipulation,Enhanced Smell,Radar Sense"
Goliath IV,"Super Strength,Size Changing"
Gorilla Grodd,"Agility,Durability,Animal Attributes,Intelligence,Super Strength,Telepathy,Energy Blasts,Telekinesis,Mind Control,Enhanced Hearing,Animal Control,Molecular Manipulation,Natural Weapons"
Granny Goodness,"Durability,Super Strength"
Gravity,"Flight,Energy Blasts,Force Fields,Molecular Manipulation,Gravity Control"
Greedo,Weapons Master
Green Arrow,"Agility,Stealth,Marksmanship,Weapons Master,Stamina,Peak Human Condition"
Green Goblin,"Agility,Accelerated Healing,Durability,Marksmanship,Intelligence,Super Strength,Stamina,Super Speed,Reflexes,Insanity"
Green Goblin II,"Accelerated Healing,Durability,Intelligence,Super Strength,Stamina,Super Speed,Reflexes,Insanity"
Green Goblin III,"Durability,Super Strength"
Green Goblin IV,"Durability,Super Strength"
Groot,"Durability,Longevity,Intelligence,Super Strength,Duplication,Size Changing,Stamina,Invulnerability,Fire Resistance,Regeneration,Plant Control,Matter Absorption,Resurrection"
Guy Gardner,"Lantern Power Ring,Durability,Flight,Marksmanship,Super Strength,Energy Blasts,Stamina,Super Speed,Energy Beams,Reflexes,Energy Constructs,Force Fields"
Hal Jordan,"Agility,Lantern Power Ring,Flight,Marksmanship,Weapons Master,Super Strength,Energy Armor,Energy Blasts,Stamina,Super Speed,Weapon-based Powers,Energy Beams,Reflexes,Energy Constructs,Force Fields"
Han Solo,"Agility,Stealth,Marksmanship,Weapons Master,Stamina"
Hancock,"Agility,Accelerated Healing,Durability,Flight,Super Strength,Stamina,Super Speed,Immortality,Reflexes,Invulnerability,Toxin and Disease Resistance"
Harley Quinn,"Agility,Accelerated Healing,Stealth,Marksmanship,Intelligence,Super Strength,Stamina,Peak Human Condition,Reflexes,Toxin and Disease Resistance"
Harry Potter,"Agility,Accelerated Healing,Stealth,Intelligence,Telepathy,Energy Blasts,Stamina,Teleportation,Telekinesis,Magic,Shapeshifting,Energy Constructs,Force Fields,Hypnokinesis,Animal Control,Illusions,Invisibility,Reality Warping"
Havok,"Energy Absorption,Flight,Energy Blasts,Power Suit,Heat Resistance,Radiation Immunity"
Hawk,"Accelerated Healing,Flight,Super Strength,Stamina,Super Speed,Invulnerability,Natural Weapons"
Hawkeye,"Agility,Stealth,Marksmanship,Weapons Master,Stamina,Peak Human Condition"
Hawkeye II,"Weapons Master,Stamina,Enhanced Memory,Photographic Reflexes"
Hawkgirl,"Accelerated Healing,Cold Resistance,Durability,Flight,Super Strength,Immortality,Reflexes,Vision - Telescopic"
Hawkman,Animal Oriented Powers
Heat Wave,Weapon-based Powers
Hela,"Agility,Accelerated Healing,Durability,Longevity,Super Strength,Stamina,Super Speed,Death Touch,Teleportation,Magic,Astral Projection,Invulnerability,Enhanced Hearing,Enhanced Sight,Illusions,Omnilingualism"
Hellboy,"Accelerated Healing,Durability,Weapons Master,Longevity,Super Strength,Stamina,Enhanced Senses,Magic,Invulnerability,Fire Resistance,Enhanced Sight,Heat Resistance,Grim Reaping"
Hellcat,"Agility,Danger Sense,Intelligence,Super Strength,Peak Human Condition,Natural Weapons,Magic Resistance"
Hellgramite,"Durability,Animal Attributes,Super Strength,Animal Oriented Powers,Jump,Substance Secretion,Natural Armor,Natural Weapons,Wallcrawling,Web Creation"
Hellstorm,"Accelerated Healing,Flight,Energy Blasts,Teleportation,Magic,Fire Control,Time Travel"
Hercules,"Accelerated Healing,Durability,Longevity,Super Strength,Stamina,Super Speed,Immortality,Invulnerability"
Hiro Nakamura,"Teleportation,Time Travel"
Hit-Girl,"Agility,Stealth,Intelligence,Stamina,Weapon-based Powers,Reflexes"
Hobgoblin,"Super Strength,Stamina,Super Speed,Reflexes"
Hollow,"Durability,Natural Weapons,Telepathy Resistance"
Hope Summers,"Energy Absorption,Telepathy,Energy Blasts,Telekinesis,Power Absorption,Natural Armor,Vision - Heat"
Hulk,"Agility,Accelerated Healing,Cold Resistance,Durability,Longevity,Super Strength,Stamina,Super Speed,Jump,Reflexes,Invulnerability,Self-Sustenance,Heat Resistance,Radiation Immunity,Toxin and Disease Resistance,Mind Control Resistance,Radiation Absorption,Super Breath"
Human Torch,"Agility,Energy Absorption,Flight,Marksmanship,Energy Blasts,Super Speed,Fire Control,Fire Resistance,Heat Generation,Heat Resistance,Super Breath"
Huntress,"Marksmanship,Peak Human Condition"
Husk,"Durability,Super Strength,Density Control,Super Speed,Shapeshifting,Molecular Manipulation"
Hybrid,"Agility,Accelerated Healing,Durability,Stealth,Flight,Danger Sense,Marksmanship,Super Strength,Stamina,Super Speed,Jump,Shapeshifting,Camouflage,Reflexes,Substance Secretion,Natural Armor,Gliding,Natural Weapons,Wallcrawling,Matter Absorption,Web Creation,Symbiote Costume"
Hydro-Man,"Underwater breathing,Size Changing,Shapeshifting,Invulnerability,Psionic Powers,Natural Weapons,Water Control"
Hyperion,"Agility,Durability,Flight,Longevity,Intelligence,Super Strength,Stamina,Super Speed,Enhanced Senses,Energy Beams,Invulnerability,Enhanced Hearing,Enhanced Sight,Vision - Microscopic,Super Breath,Vision - Infrared,Vision - Heat,Vision - X-Ray"
Iceman,"Agility,Accelerated Healing,Cold Resistance,Durability,Marksmanship,Super Strength,Cryokinesis,Energy Blasts,Duplication,Size Changing,Stamina,Invulnerability,Elemental Transmogrification,Heat Generation,Water Control,Vision - Thermal"
Impulse,"Accelerated Healing,Flight,Longevity,Stamina,Super Speed,Enhanced Senses,Phasing,Enhanced Memory,Energy Constructs,Enhanced Hearing,Enhanced Smell,Enhanced Touch"
Indiana Jones,"Intelligence,Stamina,Reflexes"
Indigo,"Lantern Power Ring,Flight,Intelligence,Teleportation,Energy Constructs,Force Fields"
Ink,"Accelerated Healing,Flight,Super Strength,Telepathy,Toxin and Disease Control,Molecular Combustion,Vitakinesis"
Invisible Woman,"Stealth,Intelligence,Energy Constructs,Force Fields,Psionic Powers,Levitation,Invisibility"
Iron Fist,"Agility,Accelerated Healing,Cold Resistance,Durability,Energy Absorption,Danger Sense,Weapons Master,Longevity,Super Strength,Energy Blasts,Stamina,Super Speed,Enhanced Senses,Peak Human Condition,Reflexes,Empathy,Psionic Powers,Heat Resistance,Illusions,Toxin and Disease Resistance,Magic Resistance"
Iron Man,"Accelerated Healing,Durability,Energy Absorption,Flight,Underwater breathing,Marksmanship,Super Strength,Energy Blasts,Stamina,Super Speed,Weapon-based Powers,Energy Beams,Reflexes,Force Fields,Power Suit,Radiation Immunity,Vision - Telescopic,Magnetism,Invisibility,Vision - Night,Vision - Thermal"
Iron Monger,"Durability,Flight,Intelligence,Super Strength,Energy Beams"
Isis,"Accelerated Healing,Durability,Flight,Intelligence,Super Strength,Stamina,Super Speed,Telekinesis,Element Control,Plant Control"
JJ Powell,Intelligence
Jack of Hearts,"Accelerated Healing,Cold Resistance,Durability,Flight,Intelligence,Super Strength,Energy Blasts,Stamina,Super Speed,Heat Resistance"
Jack-Jack,"Agility,Flight,Super Strength,Density Control,Super Speed,Teleportation,Enhanced Senses,Telekinesis,Shapeshifting,Phasing,Invulnerability,Substance Secretion,Intangibility,Molecular Manipulation,Heat Generation,Levitation,Vision - Heat,Vision - X-Ray"
James Bond,"Durability,Stealth,Marksmanship,Weapons Master,Intelligence,Stamina,Reflexes"
James T. Kirk,"Stealth,Marksmanship,Weapons Master,Intelligence,Stamina"
Jar Jar Binks,"Agility,Stealth,Enhanced Smell,Sub-Mariner"
Jason Bourne,"Agility,Durability,Stealth,Marksmanship,Weapons Master,Intelligence,Stamina,Reflexes"
Jean Grey,"Energy Absorption,Telepathy,Telekinesis,Astral Projection,Force Fields,Psionic Powers,Mind Control,Mind Blast,Levitation,Energy Manipulation,Illusions,Telepathy Resistance"
Jean-Luc Picard,"Marksmanship,Intelligence,Omnilingualism"
Jennifer Kale,"Magic,Force Fields,Portal Creation"
Jessica Cruz,"Agility,Lantern Power Ring,Flight,Marksmanship,Super Strength,Energy Armor,Energy Blasts,Stamina,Super Speed,Energy Beams,Reflexes,Energy Constructs,Force Fields"
Jessica Jones,"Durability,Flight,Super Strength,Super Speed,Telepathy Resistance"
Jim Powell,"Durability,Super Strength,Jump"
Johann Krauss,"Telepathy,Self-Sustenance"
John Constantine,"Accelerated Healing,Magic,Summoning,Illusions,Telepathy Resistance"
John Stewart,"Lantern Power Ring,Durability,Flight,Marksmanship,Weapons Master,Intelligence,Super Strength,Energy Armor,Energy Blasts,Super Speed,Energy Beams,Energy Constructs,Force Fields,Energy Manipulation"
John Wraith,"Longevity,Teleportation,Psionic Powers"
Joker,"Durability,Stealth,Marksmanship,Weapons Master,Intelligence,Stamina,Insanity,Toxin and Disease Resistance"
Jolt,"Super Strength,Energy Blasts,Super Speed,Reflexes"
Jubilee,"Energy Absorption,Energy Blasts,Energy Manipulation"
Judge Dredd,"Agility,Marksmanship,Weapons Master,Stamina,Weapon-based Powers,Peak Human Condition,Reflexes,Enhanced Sight,Vision - Telescopic,Vision - Night"
Juggernaut,"Accelerated Healing,Durability,Super Strength,Stamina,Super Speed,Invulnerability,Force Fields,Self-Sustenance,Toxin and Disease Resistance"
Junkpile,"Durability,Super Strength,Stamina,Telekinesis,Invulnerability,Regeneration,Magnetism"
Justice,"Flight,Energy Blasts,Super Speed,Telekinesis,Force Fields,Psionic Powers"
K-2SO,"Durability,Marksmanship,Stamina,Natural Armor"
Kang,"Durability,Longevity,Super Strength,Energy Blasts,Electrokinesis,Force Fields,Anti-Gravity,Levitation,Time Travel"
Karate Kid,"Agility,Stealth,Flight,Weapons Master,Intelligence,Super Strength,Super Speed,Reflexes,Mind Control Resistance"
Kathryn Janeway,Intelligence
Katniss Everdeen,"Agility,Stealth,Marksmanship,Weapons Master,Stamina,Reflexes"
Kevin 11,"Agility,Accelerated Healing,Energy Absorption,Flight,Super Strength,Density Control,Stamina,Super Speed,Shapeshifting,Power Absorption,Molecular Manipulation,Matter Absorption"
Kick-Ass,"Agility,Durability,Stamina,Weapon-based Powers"
Kid Flash,"Accelerated Healing,Super Speed"
Killer Croc,"Agility,Accelerated Healing,Durability,Super Strength,Stamina,Super Speed,Enhanced Senses,Reflexes,Enhanced Hearing,Natural Armor,Natural Weapons,Enhanced Smell,Sub-Mariner"
Killer Frost,"Cold Resistance,Durability,Energy Absorption,Cryokinesis,Natural Weapons,Super Breath"
Kilowog,"Accelerated Healing,Lantern Power Ring,Durability,Underwater breathing,Super Strength,Telepathy,Stamina"
King Kong,"Agility,Durability,Stealth,Longevity,Super Strength,Stamina,Super Speed,Jump,Reflexes,Enhanced Hearing,Natural Weapons,Enhanced Smell"
King Shark,"Cold Resistance,Durability,Stealth,Underwater breathing,Animal Attributes,Longevity,Super Strength,Stamina,Super Speed,Animal Oriented Powers,Invulnerability,Natural Armor,Enhanced Sight,Regeneration,Natural Weapons,Enhanced Smell,Sub-Mariner,Radar Sense"
Klaw,"Durability,Super Strength,Energy Blasts,Audio Control,Invulnerability,Self-Sustenance,Telepathy Resistance"
Kool-Aid Man,"Durability,Thirstokinesis"
Kraven II,"Agility,Accelerated Healing,Super Strength,Stamina,Super Speed,Animal Oriented Powers,Enhanced Senses"
Kraven the Hunter,"Agility,Longevity,Super Strength,Stamina,Super Speed,Reflexes"
Krypto,"Accelerated Healing,Flight,Super Strength,Stamina,Super Speed,Animal Oriented Powers,Invulnerability,Enhanced Hearing,Vision - Telescopic,Vision - Microscopic,Super Breath,Vision - Infrared,Vision - Heat,Vision - X-Ray"
Kyle Rayner,"Lantern Power Ring,Flight,Marksmanship,Super Strength,Energy Blasts,Super Speed,Energy Beams,Energy Constructs,Force Fields,Empathy,Energy Manipulation,Omnilingualism"
Kylo Ren,"Agility,Accelerated Healing,Durability,Stealth,Danger Sense,Marksmanship,Weapons Master,Intelligence,Super Strength,Telepathy,Energy Blasts,Super Speed,Enhanced Senses,Telekinesis,Jump,Reflexes,Force Fields,Psionic Powers,Precognition,Hypnokinesis,Light Control,Illusions,The Force"
Lady Bullseye,Marksmanship
Lady Deathstrike,"Agility,Accelerated Healing,Durability,Stealth,Intelligence,Super Strength,Stamina,Super Speed,Reflexes,Technopath/Cyberpath,Natural Weapons"
Lara Croft,"Agility,Stealth,Marksmanship,Weapons Master,Intelligence,Stamina,Reflexes,Omnilingualism"
Leader,"Intelligence,Telepathy,Telekinesis"
Leech,Power Nullifier
Legion,"Agility,Accelerated Healing,Stealth,Flight,Super Strength,Telepathy,Duplication,Stamina,Super Speed,Animal Oriented Powers,Teleportation,Telekinesis,Shapeshifting,Astral Projection,Fire Control,Force Fields,Power Nullifier,Psionic Powers,Power Absorption,Molecular Manipulation,Adaptation,Mind Blast,Levitation,Time Travel,Time Manipulation,Reality Warping"
Leonardo,"Agility,Accelerated Healing,Stealth,Marksmanship,Weapons Master,Stamina,Jump,Reflexes,Natural Armor,Sub-Mariner"
Lex Luthor,"Durability,Flight,Weapons Master,Intelligence,Super Strength,Energy Blasts,Energy Beams,Energy Constructs,Force Fields,Power Suit"
Light Lass,"Flight,Electrokinesis,Gravity Control"
Lightning Lad,Electrokinesis
Lightning Lord,"Energy Absorption,Electrokinesis"
Little Epic,Super Speed
Living Brain,"Durability,Flight,Intelligence,Super Strength"
Living Tribunal,"Agility,Accelerated Healing,Dimensional Awareness,Stealth,Energy Absorption,Flight,Intelligence,Super Strength,Telepathy,Energy Blasts,Size Changing,Super Speed,Death Touch,Telekinesis,Energy Beams,Dimensional Travel,Immortality,Astral Projection,Fire Control,Invulnerability,Energy Constructs,Force Fields,Probability Manipulation,Gravity Control,Light Control,Energy Manipulation,Time Travel,Illusions,Omnipotent,Energy Resistance,Magnetism,Time Manipulation,Invisibility,Matter Absorption,Reality Warping"
Liz Sherman,Fire Control
Lizard,"Durability,Animal Attributes,Super Strength,Telepathy,Stamina,Super Speed,Animal Oriented Powers,Enhanced Senses,Jump,Reflexes,Natural Armor,Regeneration,Natural Weapons,Wallcrawling"
Lobo,"Durability,Longevity,Intelligence,Super Strength,Duplication,Stamina,Enhanced Senses,Immortality,Invulnerability,Self-Sustenance,Regeneration,Toxin and Disease Resistance,Omnilingualism"
Loki,"Accelerated Healing,Durability,Flight,Longevity,Intelligence,Super Strength,Stamina,Energy Beams,Magic,Shapeshifting,Psionic Powers,Toxin and Disease Resistance,Omnilingualism,Portal Creation"
Longshot,"Agility,Telepathy,Stamina,Super Speed,Reflexes,Psionic Powers,Probability Manipulation"
Lord Voldemort,"Accelerated Healing,Stealth,Flight,Intelligence,Telepathy,Energy Blasts,Possession,Darkforce Manipulation,Teleportation,Magic,Shapeshifting,Fire Control,Invulnerability,Energy Constructs,Force Fields,Animal Control,Levitation,Toxin and Disease Control,Plant Control,Resurrection,Weather Control,Reality Warping"
Luke Cage,"Accelerated Healing,Durability,Super Strength,Stamina,Jump,Invulnerability"
Luke Campbell,Radiation Control
Luke Skywalker,"Agility,Accelerated Healing,Stealth,Danger Sense,Marksmanship,Weapons Master,Intelligence,Telepathy,Energy Blasts,Super Speed,Enhanced Senses,Telekinesis,Jump,Astral Projection,Reflexes,Force Fields,Empathy,Psionic Powers,Precognition,Enhanced Hearing,Hypnokinesis,Light Control,Illusions,Cloaking,The Force"
Luna,Psionic Powers
Lyja,"Energy Blasts,Size Changing,Shapeshifting"
MODOK,"Agility,Flight,Weapons Master,Longevity,Intelligence,Telepathy,Energy Blasts,Telekinesis,Force Fields,Empathy,Psionic Powers,Technopath/Cyberpath,Heat Generation,Levitation,Illusions"
Mach-IV,"Durability,Flight,Super Strength,Super Speed,Weapon-based Powers"
Machine Man,"Durability,Flight,Super Strength,Stamina,Weapon-based Powers"
Magneto,"Durability,Flight,Intelligence,Super Strength,Stamina,Enhanced Senses,Energy Beams,Force Fields,Telepathy Resistance,Magnetism"
Magog,"Durability,Super Strength,Energy Blasts,Energy Beams"
Magus,"Energy Absorption,Flight,Super Strength,Size Changing,Electrokinesis,Shapeshifting,Immortality,Elasticity,Technopath/Cyberpath,Omnilingualism"
Man of Miracles,"Accelerated Healing,Dimensional Awareness,Energy Absorption,Danger Sense,Longevity,Intelligence,Super Strength,Telepathy,Super Speed,Teleportation,Telekinesis,Magic,Immortality,Element Control,Phasing,Astral Projection,Invulnerability,Energy Constructs,Precognition,Enhanced Hearing,Enhanced Sight,Molecular Manipulation,Adaptation,Probability Manipulation,Gravity Control,Energy Manipulation,Time Travel,Enhanced Smell,Omnipotent,Omnilingualism,Time Manipulation,Reality Warping,Omnipresent,Omniscient"
Man-Bat,"Agility,Flight,Animal Attributes,Super Strength,Super Speed,Animal Oriented Powers,Shapeshifting,Reflexes,Enhanced Hearing,Echolocation,Natural Weapons"
Man-Thing,"Durability,Stealth,Underwater breathing,Super Strength,Immortality,Invulnerability,Empathy,Substance Secretion,Toxin and Disease Control,Natural Weapons,Toxin and Disease Resistance"
Man-Wolf,"Agility,Accelerated Healing,Super Strength,Stamina,Super Speed,Animal Oriented Powers,Enhanced Senses,Enhanced Hearing,Vision - Thermal"
Mandarin,"Weapons Master,Intelligence,Cryokinesis,Energy Blasts,Weapon-based Powers,Electrokinesis,Energy Beams,Self-Sustenance,Mind Control,Molecular Manipulation,Levitation"
Mantis,"Accelerated Healing,Durability,Flight,Longevity,Intelligence,Telepathy,Telekinesis,Astral Projection,Fire Control,Empathy,Precognition,Regeneration,Telepathy Resistance,Plant Control"
Martian Manhunter,"Agility,Durability,Stealth,Flight,Marksmanship,Intelligence,Super Strength,Telepathy,Size Changing,Stamina,Super Speed,Enhanced Senses,Telekinesis,Shapeshifting,Phasing,Astral Projection,Reflexes,Invulnerability,Self-Sustenance,Mind Control,Enhanced Hearing,Intangibility,Regeneration,Illusions,Vision - Telescopic,Toxin and Disease Resistance,Telepathy Resistance,Invisibility,Vision - Microscopic,Super Breath,Vision - Night,Vision - Infrared,Vision - Heat,Vision - X-Ray,Vision - Thermal"
Marvel Girl,"Energy Absorption,Flight,Telepathy,Energy Blasts,Telekinesis,Astral Projection,Fire Control,Force Fields,Psionic Powers,Energy Manipulation,Time Travel"
Master Brood,"Accelerated Healing,Longevity,Immortality"
Master Chief,"Agility,Accelerated Healing,Durability,Marksmanship,Longevity,Stamina,Super Speed,Weapon-based Powers,Enhanced Senses,Camouflage,Force Fields"
Match,"Accelerated Healing,Durability,Energy Absorption,Flight,Super Strength,Energy Blasts,Super Speed,Telekinesis,Jump,Invulnerability,Enhanced Hearing,Vision - Telescopic,Super Breath,Vision - Heat,Vision - X-Ray"
Matt Parkman,Telepathy
Maverick,Electrokinesis
Maxima,"Durability,Flight,Super Strength,Stamina,Super Speed,Telekinesis,Force Fields,Psionic Powers,Mind Control,Mind Blast"
Maya Herrera,"Substance Secretion,Toxin and Disease Control"
Medusa,"Durability,Super Strength,Stamina,Super Speed,Telekinesis,Reflexes,Hair Manipulation"
Meltdown,"Agility,Energy Absorption,Energy Blasts,Energy Beams,Energy Constructs,Psionic Powers,Energy Manipulation"
Mephisto,"Accelerated Healing,Dimensional Awareness,Durability,Longevity,Super Strength,Energy Blasts,Stamina,Super Speed,Magic,Dimensional Travel,Shapeshifting,Immortality,Astral Projection,Self-Sustenance,Molecular Manipulation,Illusions,Toxin and Disease Resistance"
Mera,"Cold Resistance,Durability,Stealth,Underwater breathing,Super Strength,Telepathy,Super Speed,Jump,Dimensional Travel,Reflexes,Enhanced Hearing,Water Control,Sub-Mariner,Vision - Night"
Metallo,"Durability,Super Strength,Size Changing,Stamina,Energy Beams,Shapeshifting,Radiation Control,Technopath/Cyberpath,Regeneration"
Metamorpho,"Shapeshifting,Elemental Transmogrification,Natural Armor,Natural Weapons"
Metron,"Flight,Longevity,Intelligence,Teleportation,Time Travel"
Micah Sanders,Technopath/Cyberpath
Michelangelo,"Agility,Accelerated Healing,Stealth,Marksmanship,Weapons Master,Stamina,Jump,Reflexes,Natural Armor,Sub-Mariner"
Micro Lad,Size Changing
Mimic,"Durability,Flight,Super Strength,Cryokinesis,Telepathy,Energy Blasts,Telekinesis,Reflexes,Gliding"
Minna Murray,"Durability,Super Strength,Super Speed,Jump,Immortality"
Misfit,"Accelerated Healing,Super Strength,Teleportation"
Miss Martian,"Accelerated Healing,Flight,Super Strength,Telepathy,Energy Blasts,Size Changing,Density Control,Stamina,Super Speed,Telekinesis,Shapeshifting,Invulnerability,Force Fields,Self-Sustenance,Invisibility,Vision - X-Ray"
Mister Fantastic,"Durability,Intelligence,Size Changing,Shapeshifting,Elasticity"
Mister Freeze,"Cold Resistance,Durability,Longevity,Intelligence,Super Strength,Power Suit"
Mister Knife,"Weapons Master,Intelligence"
Mister Mxyzptlk,"Agility,Accelerated Healing,Dimensional Awareness,Flight,Longevity,Intelligence,Cryokinesis,Energy Blasts,Duplication,Density Control,Teleportation,Telekinesis,Magic,Dimensional Travel,Shapeshifting,Immortality,Phasing,Astral Projection,Fire Control,Invulnerability,Energy Constructs,Force Fields,Elasticity,Animation,Molecular Manipulation,Gravity Control,Levitation,Time Travel,Time Manipulation,Weather Control,Reality Warping"
Mister Sinister,"Accelerated Healing,Durability,Flight,Animal Attributes,Longevity,Intelligence,Super Strength,Telepathy,Energy Blasts,Duplication,Size Changing,Stamina,Super Speed,Animal Oriented Powers,Teleportation,Telekinesis,Shapeshifting,Reflexes,Force Fields,Self-Sustenance,Power Nullifier,Mind Control,Molecular Manipulation,Mind Blast"
Mockingbird,"Agility,Accelerated Healing,Durability,Stealth,Weapons Master,Longevity,Super Strength"
Mohinder Suresh,Super Strength
Molten Man,"Durability,Super Strength,Heat Generation,Heat Resistance"
Monarch,"Flight,Super Strength,Invulnerability,Force Fields,Self-Sustenance,Technopath/Cyberpath,Time Travel"
Monica Dawson,Photographic Reflexes
Moon Knight,"Marksmanship,Weapons Master,Super Strength,Stamina,Reflexes,Telepathy Resistance"
Moonstone,"Durability,Flight,Super Strength,Energy Blasts,Super Speed,Intangibility,Molecular Manipulation,Light Control"
Morlun,"Agility,Durability,Super Strength,Stamina,Super Speed,Immortality,Reflexes"
Moses Magnum,Seismic Power
Mr Immortal,"Accelerated Healing,Longevity,Immortality"
Mr Incredible,"Durability,Super Strength,Stamina,Super Speed,Enhanced Senses,Jump,Invulnerability"
Ms Marvel II,"Durability,Super Strength"
Multiple Man,Duplication
Mysterio,"Weapons Master,Intelligence,Stamina,Weapon-based Powers,Magic,Jump,Peak Human Condition,Animation,Hypnokinesis,Power Suit,Illusions,Sonar,Web Creation"
Mystique,"Agility,Accelerated Healing,Stealth,Marksmanship,Weapons Master,Longevity,Intelligence,Super Strength,Stamina,Shapeshifting,Molecular Manipulation,Toxin and Disease Resistance,Telepathy Resistance"
Namor,"Agility,Accelerated Healing,Cold Resistance,Durability,Flight,Underwater breathing,Longevity,Intelligence,Super Strength,Telepathy,Stamina,Super Speed,Enhanced Senses,Reflexes,Animal Control,Sub-Mariner,Radiation Absorption"
Namora,"Accelerated Healing,Durability,Flight,Underwater breathing,Longevity,Super Strength,Telepathy,Stamina,Super Speed,Reflexes"
Namorita,"Agility,Accelerated Healing,Durability,Flight,Longevity,Super Strength,Stamina,Super Speed,Reflexes"
Naruto Uzumaki,"Agility,Accelerated Healing,Stealth,Marksmanship,Weapons Master,Longevity,Super Strength,Duplication,Stamina,Super Speed,Teleportation,Magic,Shapeshifting,Camouflage,Fire Control,Energy Constructs,Empathy,Heat Generation,Energy Manipulation,Enhanced Smell,Wallcrawling,Weather Control"
Nathan Petrelli,Flight
Nebula,"Durability,Marksmanship,Super Strength"
Negasonic Teenage Warhead,"Telepathy,Precognition"
Nick Fury,"Weapons Master,Longevity"
Nightcrawler,"Agility,Stealth,Teleportation,Camouflage,Reflexes,Wallcrawling,Vision - Night"
Nightwing,"Agility,Stealth,Marksmanship,Weapons Master,Intelligence,Stamina,Weapon-based Powers,Peak Human Condition"
Niki Sanders,Super Strength
Nina Theroux,"Psionic Powers,Mind Control"
Northstar,"Durability,Super Speed,Reflexes,Molecular Manipulation,Illumination"
Nova,"Agility,Accelerated Healing,Durability,Energy Absorption,Flight,Super Strength,Energy Blasts,Stamina,Super Speed,Energy Beams,Fire Control,Reflexes,Invulnerability,Fire Resistance,Nova Force,Heat Generation,Light Control,Energy Manipulation,Heat Resistance,Vision - Telescopic,Vision - Night,Vision - Infrared,Vision - X-Ray,Vision - Thermal"
Odin,"Agility,Accelerated Healing,Durability,Stealth,Energy Absorption,Longevity,Intelligence,Super Strength,Cryokinesis,Telepathy,Energy Blasts,Size Changing,Stamina,Super Speed,Teleportation,Telekinesis,Magic,Shapeshifting,Reflexes,Invulnerability,Force Fields,Precognition,Energy Manipulation,Time Travel,Illusions,Omnilingualism,Time Manipulation,Invisibility,Matter Absorption,Weather Control,Odin Force"
Offspring,"Cold Resistance,Size Changing,Density Control,Shapeshifting,Immortality,Invulnerability,Elasticity,Heat Resistance,Telepathy Resistance,Mind Control Resistance"
Omniscient,"Intelligence,Telepathy,Teleportation,Mind Blast,Telepathy Resistance,Mind Control Resistance"
One Punch Man,"Agility,Danger Sense,Super Strength,Stamina,Super Speed,Enhanced Senses,Reflexes,Invulnerability,Telepathy Resistance"
One-Above-All,"Agility,Accelerated Healing,Dimensional Awareness,Durability,Energy Absorption,Flight,Intelligence,Super Strength,Size Changing,Super Speed,Death Touch,Teleportation,Magic,Dimensional Travel,Immortality,Element Control,Phasing,Astral Projection,Invulnerability,Self-Sustenance,Precognition,Molecular Manipulation,Gravity Control,Energy Manipulation,Time Travel,Omnipotent,Time Manipulation,Invisibility,Reality Warping,Omnipresent,Omniscient"
Onslaught,"Dimensional Awareness,Flight,Intelligence,Super Strength,Telepathy,Size Changing,Astral Travel,Telekinesis,Camouflage,Astral Projection,Invulnerability,Force Fields,Psionic Powers,Mind Control,Power Absorption,Intangibility,Mind Blast,Illusions,Telepathy Resistance,Magnetism,Vision - X-Ray,Reality Warping"
Oracle,Intelligence
Orion,"Agility,Accelerated Healing,Durability,Stealth,Flight,Marksmanship,Weapons Master,Intelligence,Super Strength,Energy Blasts,Stamina,Enhanced Senses,Magic,Immortality,Enhanced Hearing,Energy Manipulation,Enhanced Smell"
Osiris,"Durability,Flight,Intelligence,Super Strength,Stamina,Super Speed,Clairvoyance,Dimensional Travel,Invulnerability,Self-Sustenance"
Overtkill,"Super Strength,Super Speed,Enhanced Senses"
Ozymandias,"Agility,Stealth,Intelligence,Stamina,Peak Human Condition,Enhanced Memory,Reflexes,Omnilingualism"
Parademon,"Flight,Super Strength,Shapeshifting,Fire Resistance,Heat Generation,Gliding,Power Suit,Natural Weapons,Super Breath"
Peek-a-Boo,Teleportation
Penance II,Energy Blasts
Penguin,Intelligence
Peter Petrelli,Power Absorption
Phantom,"Marksmanship,Peak Human Condition,Reflexes"
Phantom Girl,Phasing
Phoenix,"Agility,Energy Absorption,Telepathy,Telekinesis,Immortality,Astral Projection,Fire Control,Force Fields,Psionic Powers,Mind Control,Molecular Manipulation,Mind Blast,Levitation,Energy Manipulation,Illusions,Telepathy Resistance,Resurrection,Phoenix Force"
Plantman,"Durability,Stealth,Super Strength,Invulnerability,Plant Control"
Plastic Man,"Agility,Accelerated Healing,Durability,Stealth,Super Strength,Size Changing,Density Control,Shapeshifting,Immortality,Invulnerability,Elasticity,Telepathy Resistance"
Plastique,Energy Blasts
Poison Ivy,"Agility,Accelerated Healing,Marksmanship,Super Strength,Death Touch,Substance Secretion,Hypnokinesis,Toxin and Disease Control,Toxin and Disease Resistance,Plant Control"
Polaris,"Energy Absorption,Flight,Intelligence,Enhanced Senses,Force Fields,Molecular Manipulation,Energy Manipulation,Magnetism"
Power Girl,"Agility,Accelerated Healing,Durability,Energy Absorption,Flight,Intelligence,Super Strength,Stamina,Super Speed,Enhanced Senses,Jump,Enhanced Memory,Reflexes,Invulnerability,Enhanced Hearing,Vision - Telescopic,Toxin and Disease Resistance,Vision - Microscopic,Super Breath,Vision - Night,Vision - Infrared,Vision - Heat,Vision - X-Ray,Vision - Thermal"
Predator,"Accelerated Healing,Cold Resistance,Durability,Stealth,Marksmanship,Weapons Master,Longevity,Intelligence,Super Strength,Stamina,Jump,Camouflage,Reflexes,Power Suit,Natural Weapons,Cloaking,Toxin and Disease Resistance,Vision - Night,Vision - Infrared,Radar Sense,Vision - Thermal"
Professor X,"Intelligence,Telepathy,Possession,Power Sense,Astral Projection,Projection,Psionic Powers,Mind Control,Mind Blast,Illusions"
Professor Zoom,"Stamina,Super Speed,Phasing,Reflexes,Time Travel"
Proto-Goblin,"Agility,Durability,Super Strength,Natural Weapons"
Psylocke,"Agility,Stealth,Super Strength,Telepathy,Super Speed,Telekinesis,Astral Projection,Psionic Powers,Precognition,Mind Control,Illusions,Cloaking,Telepathy Resistance,Mind Control Resistance"
Punisher,"Agility,Durability,Stealth,Marksmanship,Weapons Master,Stamina,Weapon-based Powers,Peak Human Condition,Reflexes"
Purple Man,"Accelerated Healing,Telepathy,Substance Secretion,Mind Control,Hypnokinesis"
Pyro,Fire Control
Q,"Dimensional Awareness,Stealth,Intelligence,Teleportation,Telekinesis,Magic,Immortality,Phasing,Force Fields,Probability Manipulation,Gravity Control,Time Travel,Illusions,Time Manipulation,Reality Warping"
Quantum,Super Speed
Queen Hippolyta,"Agility,Durability,Intelligence,Super Strength,Stamina,Super Speed,Immortality,Self-Sustenance"
Question,"Agility,Intelligence"
Quicksilver,"Durability,Super Strength,Super Speed,Molecular Manipulation,Time Manipulation"
Quill,"Weapon-based Powers,Substance Secretion"
Ra's Al Ghul,"Agility,Durability,Longevity,Intelligence,Super Strength,Stamina,Super Speed,Weapon-based Powers"
Rachel Pirzad,"Enhanced Senses,Enhanced Hearing,Enhanced Smell,Vision - Telescopic,Enhanced Touch,Vision - Microscopic"
Rambo,"Agility,Stealth,Marksmanship,Weapons Master,Stamina"
Raphael,"Agility,Accelerated Healing,Stealth,Marksmanship,Weapons Master,Stamina,Jump,Reflexes,Natural Armor,Sub-Mariner"
Raven,"Flight,Teleportation,Telekinesis,Astral Projection,Empathy"
Ray,"Accelerated Healing,Durability,Stealth,Energy Absorption,Flight,Stamina,Super Speed,Energy Beams,Invulnerability,Energy Constructs,Force Fields,Elemental Transmogrification,Intangibility,Light Control,Illusions,Invisibility"
Razor-Fist II,"Weapon-based Powers,Peak Human Condition"
Reactron,"Energy Absorption,Energy Beams,Radiation Control,Power Suit,Radiation Absorption"
Red Arrow,"Agility,Stealth,Marksmanship,Weapons Master,Stamina"
Red Hood,"Agility,Stealth,Marksmanship,Weapons Master,Intelligence,Stamina,Peak Human Condition"
Red Hulk,"Accelerated Healing,Durability,Energy Absorption,Longevity,Super Strength,Stamina,Super Speed,Jump,Radiation Control,Radiation Immunity,Toxin and Disease Resistance,Radiation Absorption"
Red Mist,"Agility,Stamina"
Red Robin,"Agility,Stealth,Marksmanship,Weapons Master,Intelligence,Stamina"
Red Skull,Enhanced Memory
Red Tornado,"Agility,Flight,Super Strength,Stamina,Audio Control,Super Speed,Force Fields,Self-Sustenance,Technopath/Cyberpath,Enhanced Hearing,Regeneration,Invisibility,Wind Control,Resurrection"
Redeemer II,"Durability,Super Strength,Energy Blasts,Stamina,Teleportation,Energy Manipulation"
Redeemer III,"Durability,Flight,Super Strength,Stamina,Energy Manipulation"
Rey,"Agility,Stamina,Telekinesis,Mind Control,Mind Control Resistance,The Force"
Rhino,"Cold Resistance,Durability,Super Strength,Stamina,Super Speed,Natural Armor,Power Suit,Heat Resistance"
Rick Flag,Weapon-based Powers
Riddler,Intelligence
Rip Hunter,"Dimensional Awareness,Stealth,Weapons Master,Intelligence,Power Suit,Time Travel,Time Manipulation"
Ripcord,"Weapon-based Powers,Jump"
Robin,"Marksmanship,Weapons Master,Intelligence,Weapon-based Powers,Peak Human Condition"
Robin II,"Agility,Stealth,Marksmanship,Weapons Master,Stamina"
Robin III,"Agility,Stealth,Marksmanship,Weapons Master,Stamina,Weapon-based Powers"
Robin V,"Agility,Stealth,Weapons Master,Longevity,Reflexes"
Robin VI,"Agility,Stealth,Stamina"
Rocket Raccoon,"Agility,Cold Resistance,Marksmanship,Weapons Master,Animal Attributes,Animal Oriented Powers,Enhanced Senses,Enhanced Hearing,Enhanced Smell,Enhanced Touch,Vision - Night"
Rogue,"Energy Absorption,Power Absorption"
Rorschach,"Agility,Stealth,Weapons Master,Intelligence,Stamina"
SHDB,"Nova Force,Omnipotent,Power Cosmic,Sub-Mariner"
Sabretooth,"Agility,Accelerated Healing,Cold Resistance,Durability,Stealth,Marksmanship,Weapons Master,Longevity,Super Strength,Stamina,Super Speed,Animal Oriented Powers,Reflexes,Enhanced Hearing,Enhanced Sight,Natural Weapons,Enhanced Smell,Toxin and Disease Resistance"
Sage,"Power Augmentation,Telepathy,Power Sense,Technopath/Cyberpath,Telepathy Resistance"
Sandman,"Agility,Super Strength,Size Changing,Density Control,Shapeshifting,Invulnerability,Natural Armor,Intangibility,Regeneration,Heat Resistance,Natural Weapons"
Sasquatch,"Agility,Durability,Super Strength,Stamina,Enhanced Senses,Jump"
Sauron,"Accelerated Healing,Weapons Master,Longevity,Intelligence,Super Strength,Energy Blasts,Size Changing,Stamina,Super Speed,Darkforce Manipulation,Magic,Shapeshifting,Immortality,Fire Control,Invulnerability,Enhanced Hearing,Enhanced Sight,Heat Generation,Resurrection,Weather Control"
Savage Dragon,"Accelerated Healing,Durability,Super Strength,Jump,Fire Resistance,Regeneration"
Scarecrow,"Psionic Powers,Insanity"
Scarlet Spider,"Agility,Accelerated Healing,Durability,Danger Sense,Animal Attributes,Super Strength,Stamina,Super Speed,Animal Oriented Powers,Enhanced Senses,Jump,Reflexes,Natural Weapons,Wallcrawling,Vision - Night"
Scarlet Spider II,"Agility,Accelerated Healing,Durability,Animal Attributes,Super Strength,Stamina,Super Speed,Animal Oriented Powers,Reflexes,Wallcrawling,Web Creation"
Scarlet Witch,"Agility,Dimensional Awareness,Flight,Longevity,Energy Blasts,Teleportation,Telekinesis,Magic,Astral Projection,Energy Constructs,Probability Manipulation,Levitation,Illusions,Reality Warping"
Scorpia,"Super Strength,Energy Blasts,Super Speed,Weapon-based Powers,Force Fields"
Scorpion,"Agility,Durability,Danger Sense,Super Strength,Super Speed,Weapon-based Powers,Reflexes,Power Suit,Wallcrawling"
Sebastian Shaw,"Agility,Durability,Energy Absorption,Super Strength,Energy Manipulation"
Sentry,"Agility,Accelerated Healing,Flight,Intelligence,Super Strength,Telepathy,Energy Blasts,Stamina,Super Speed,Enhanced Senses,Telekinesis,Immortality,Reflexes,Invulnerability,Force Fields,Enhanced Hearing,Molecular Manipulation,Light Control,Vision - Telescopic,Vision - Infrared,Resurrection,Vision - Thermal"
Shadow King,"Telepathy,Possession,Immortality,Astral Projection,Psionic Powers,Natural Weapons"
Shadow Lass,"Agility,Stealth,Flight,Intelligence,Super Speed,Darkforce Manipulation"
Shadowcat,"Stealth,Weapons Master,Intelligence,Camouflage,Phasing,Intangibility,Levitation,Cloaking,Telepathy Resistance"
Shang-Chi,"Agility,Durability,Stealth,Stamina,Reflexes,Toxin and Disease Resistance"
Shatterstar,"Agility,Accelerated Healing,Durability,Super Strength,Energy Blasts,Super Speed"
She-Hulk,"Accelerated Healing,Durability,Longevity,Intelligence,Super Strength,Stamina,Jump,Invulnerability"
She-Thing,"Cold Resistance,Durability,Super Strength,Heat Resistance"
Shocker,"Marksmanship,Weapons Master,Energy Blasts,Power Suit"
Shriek,"Flight,Energy Blasts,Audio Control,Telekinesis,Empathy,Psionic Powers,Levitation,Sonic Scream"
Sif,"Agility,Accelerated Healing,Durability,Weapons Master,Longevity,Super Strength,Stamina,Super Speed,Teleportation,Enhanced Senses,Dimensional Travel,Reflexes"
Silk,"Agility,Accelerated Healing,Durability,Stealth,Danger Sense,Marksmanship,Animal Attributes,Super Strength,Stamina,Super Speed,Animal Oriented Powers,Jump,Reflexes,Substance Secretion,Natural Weapons,Wallcrawling,Web Creation"
Silk Spectre,Peak Human Condition
Silk Spectre II,Peak Human Condition
Silver Surfer,"Agility,Dimensional Awareness,Durability,Energy Absorption,Flight,Marksmanship,Super Strength,Energy Blasts,Stamina,Super Speed,Teleportation,Immortality,Phasing,Invulnerability,Intangibility,Molecular Manipulation,Gravity Control,Energy Manipulation,Time Travel,Power Cosmic,Portal Creation"
Silverclaw,"Agility,Flight,Super Strength,Super Speed,Animal Oriented Powers,Enhanced Senses,Shapeshifting"
Simon Baz,"Agility,Accelerated Healing,Lantern Power Ring,Flight,Marksmanship,Super Strength,Energy Armor,Energy Blasts,Stamina,Super Speed,Energy Beams,Reflexes,Energy Constructs,Force Fields,Precognition"
Sinestro,"Agility,Durability,Flight,Marksmanship,Super Strength,Energy Blasts,Super Speed,Energy Constructs,Force Fields,Qwardian Power Ring"
Siren,"Cold Resistance,Durability,Stealth,Underwater breathing,Super Strength,Telepathy,Super Speed,Jump,Dimensional Travel,Reflexes,Enhanced Hearing,Water Control,Sub-Mariner,Vision - Night"
Siren II,"Underwater breathing,Super Strength,Stamina,Hypnokinesis"
Siryn,"Flight,Enhanced Hearing,Sonar,Sonic Scream"
Skaar,"Accelerated Healing,Super Strength,Stamina,Jump,Elemental Transmogrification"
Snowbird,"Accelerated Healing,Flight,Animal Attributes,Super Strength,Stamina,Animal Oriented Powers,Enhanced Senses,Shapeshifting,Precognition"
Sobek,"Durability,Super Strength"
Solomon Grundy,"Cold Resistance,Durability,Energy Absorption,Super Strength,Stamina,Invulnerability,Self-Sustenance,Fire Resistance,Toxin and Disease Resistance,Resurrection"
Songbird,"Agility,Durability,Flight,Super Strength,Stamina,Audio Control,Super Speed,Reflexes"
Space Ghost,"Agility,Flight,Weapons Master,Intelligence,Super Strength,Energy Blasts,Stamina,Phasing,Invulnerability,Force Fields,Heat Generation,Magnetism,Invisibility"
Spawn,"Agility,Durability,Stealth,Flight,Weapons Master,Super Strength,Telepathy,Stamina,Super Speed,Teleportation,Magic,Shapeshifting,Immortality,Invulnerability,Empathy,Power Suit,Resurrection,Symbiote Costume"
Spectre,"Agility,Accelerated Healing,Dimensional Awareness,Stealth,Energy Absorption,Flight,Marksmanship,Longevity,Intelligence,Super Strength,Telepathy,Energy Blasts,Duplication,Size Changing,Density Control,Stamina,Super Speed,Possession,Electrokinesis,Darkforce Manipulation,Death Touch,Teleportation,Magic,Immortality,Phasing,Astral Projection,Fire Control,Invulnerability,Energy Constructs,Force Fields,Psionic Powers,Elasticity,Animation,Precognition,Hypnokinesis,Animal Control,Heat Generation,Gravity Control,Light Control,Levitation,Time Travel,Illusions,Water Control,Omnilingualism,Time Manipulation,Invisibility,Sub-Mariner,Vision - Heat,Reality Warping"
Speedball,"Energy Absorption,Energy Armor,Telekinesis,Force Fields"
Speedy,"Stealth,Marksmanship,Weapons Master,Stamina,Reflexes"
Spider-Girl,"Agility,Accelerated Healing,Stealth,Danger Sense,Intelligence,Super Strength,Stamina,Dexterity,Super Speed,Jump,Reflexes,Enhanced Hearing,Natural Weapons,Wallcrawling,Web Creation"
Spider-Gwen,"Agility,Accelerated Healing,Durability,Stealth,Danger Sense,Marksmanship,Animal Attributes,Super Strength,Stamina,Super Speed,Animal Oriented Powers,Jump,Reflexes,Substance Secretion,Wallcrawling,Web Creation"
Spider-Man,"Agility,Accelerated Healing,Durability,Stealth,Danger Sense,Marksmanship,Animal Attributes,Super Strength,Stamina,Super Speed,Animal Oriented Powers,Enhanced Senses,Jump,Reflexes,Substance Secretion,Natural Weapons,Toxin and Disease Resistance,Wallcrawling,Vision - Night,Web Creation"
Spider-Woman,"Agility,Durability,Flight,Super Strength,Energy Blasts,Stamina,Super Speed,Reflexes,Enhanced Hearing,Toxin and Disease Control,Toxin and Disease Resistance,Wallcrawling"
Spider-Woman III,"Agility,Flight,Super Strength,Telepathy,Energy Blasts,Stamina,Super Speed,Reflexes,Wallcrawling"
Spider-Woman IV,"Agility,Flight,Super Strength,Telepathy,Energy Blasts,Super Speed,Psionic Powers,Precognition,Power Absorption,Hypnokinesis,Wallcrawling"
Spock,"Stealth,Longevity,Intelligence,Super Strength,Telepathy,Stamina,Psionic Powers,Enhanced Hearing,Omnilingualism"
Spyke,"Accelerated Healing,Stamina,Natural Armor,Heat Generation,Natural Weapons,Wallcrawling"
Star-Lord,"Agility,Durability,Marksmanship,Weapons Master,Longevity,Intelligence,Stamina,Peak Human Condition"
Stardust,"Durability,Energy Absorption,Flight,Longevity,Super Strength,Energy Blasts,Stamina,Super Speed,Energy Beams,Invulnerability,Force Fields,Self-Sustenance,Power Cosmic,Toxin and Disease Resistance"
Starfire,"Durability,Energy Absorption,Flight,Super Strength,Energy Blasts,Invulnerability,Omnilingualism"
Stargirl,"Agility,Durability,Energy Absorption,Super Strength,Energy Blasts,Stamina,Super Speed,Invulnerability,Energy Constructs,Force Fields,Heat Generation,Gravity Control,Light Control,Energy Manipulation"
Static,"Agility,Accelerated Healing,Durability,Energy Absorption,Flight,Marksmanship,Intelligence,Energy Blasts,Electrokinesis,Enhanced Senses,Force Fields,Levitation,Energy Manipulation,Mind Control Resistance"
Steel,"Durability,Flight,Super Strength,Weapon-based Powers,Power Suit,Heat Resistance,Radiation Immunity"
Stephanie Powell,"Accelerated Healing,Super Speed"
Steppenwolf,"Agility,Accelerated Healing,Stealth,Weapons Master,Longevity,Intelligence,Super Strength,Stamina,Super Speed,Enhanced Senses,Immortality,Reflexes,Invulnerability,Toxin and Disease Resistance"
Storm,"Cold Resistance,Flight,Intelligence,Enhanced Senses,Empathy,Heat Resistance,Telepathy Resistance,Weather Control"
Stormtrooper,"Durability,Weapon-based Powers"
Stretch Armstrong,"Durability,Size Changing,Shapeshifting,Elasticity"
Sunspot,"Accelerated Healing,Flight,Super Strength,Energy Blasts,Stamina,Fire Control,Substance Secretion,Fire Resistance,Heat Generation,Light Control,Heat Resistance,Radiation Absorption"
Superboy,"Accelerated Healing,Durability,Energy Absorption,Flight,Super Strength,Energy Blasts,Super Speed,Jump,Invulnerability,Force Fields,Enhanced Hearing,Vision - Telescopic,Super Breath,Vision - Heat,Vision - X-Ray"
Superboy-Prime,"Accelerated Healing,Durability,Energy Absorption,Flight,Longevity,Intelligence,Super Strength,Stamina,Super Speed,Enhanced Senses,Jump,Invulnerability,Enhanced Hearing,Hypnokinesis,Power Suit,Enhanced Smell,Vision - Telescopic,Magic Resistance,Vision - Microscopic,Super Breath,Vision - Infrared,Vision - Heat,Vision - X-Ray"
Supergirl,"Agility,Accelerated Healing,Cold Resistance,Durability,Energy Absorption,Flight,Intelligence,Super Strength,Stamina,Super Speed,Enhanced Senses,Jump,Enhanced Memory,Reflexes,Invulnerability,Enhanced Hearing,Hypnokinesis,Heat Resistance,Vision - Telescopic,Toxin and Disease Resistance,Vision - Microscopic,Super Breath,Vision - Night,Vision - Infrared,Vision - Heat,Vision - X-Ray,Vision - Thermal"
Superman,"Agility,Accelerated Healing,Cold Resistance,Durability,Energy Absorption,Flight,Marksmanship,Longevity,Intelligence,Super Strength,Stamina,Super Speed,Enhanced Senses,Energy Beams,Jump,Enhanced Memory,Reflexes,Invulnerability,Fire Resistance,Enhanced Hearing,Hypnokinesis,Enhanced Sight,Heat Resistance,Enhanced Smell,Vision - Telescopic,Vision - Microscopic,Super Breath,Vision - Heat,Vision - X-Ray"
Swamp Thing,"Stealth,Flight,Longevity,Intelligence,Super Strength,Duplication,Size Changing,Immortality,Camouflage,Self-Sustenance,Natural Armor,Illusions,Plant Control,Resurrection"
Swarm,"Durability,Flight,Longevity,Intelligence,Super Strength,Size Changing,Animal Oriented Powers,Shapeshifting,Animal Control,Intangibility"
Sylar,"Cryokinesis,Telekinesis,Enhanced Memory,Radiation Control,Precognition,Enhanced Hearing,Intuitive aptitude,Melting"
Synch,Power Absorption
T-1000,"Agility,Accelerated Healing,Cold Resistance,Durability,Stealth,Marksmanship,Weapons Master,Longevity,Intelligence,Super Strength,Size Changing,Stamina,Super Speed,Enhanced Senses,Shapeshifting,Camouflage,Enhanced Memory,Reflexes,Invulnerability,Technopath/Cyberpath,Fire Resistance,Enhanced Hearing,Regeneration,Heat Resistance,Natural Weapons,Enhanced Smell,Vision - Telescopic,Enhanced Touch,Melting,Vision - Night,Vision - Infrared,Vision - Thermal"
T-800,"Cold Resistance,Durability,Stealth,Weapons Master,Longevity,Super Strength,Stamina,Enhanced Memory,Invulnerability,Technopath/Cyberpath,Enhanced Hearing,Heat Resistance,Vision - Telescopic,Vision - Night,Vision - Infrared,Vision - Thermal"
T-850,"Accelerated Healing,Cold Resistance,Durability,Stealth,Weapons Master,Longevity,Super Strength,Stamina,Enhanced Memory,Invulnerability,Technopath/Cyberpath,Enhanced Hearing,Heat Resistance,Vision - Telescopic,Vision - Night,Vision - Infrared,Vision - Thermal"
T-X,"Agility,Accelerated Healing,Cold Resistance,Durability,Stealth,Marksmanship,Weapons Master,Longevity,Intelligence,Super Strength,Energy Blasts,Stamina,Super Speed,Enhanced Senses,Energy Beams,Shapeshifting,Camouflage,Enhanced Memory,Reflexes,Invulnerability,Technopath/Cyberpath,Fire Resistance,Enhanced Hearing,Regeneration,Heat Resistance,Natural Weapons,Enhanced Smell,Vision - Telescopic,Enhanced Touch,Vision - Microscopic,Vision - Night,Vision - Infrared,Vision - Thermal"
TEST,Natural Armor
Taskmaster,"Agility,Stealth,Marksmanship,Weapons Master,Stamina,Super Speed,Weapon-based Powers,Reflexes,Photographic Reflexes,Power Suit"
Tempest,"Flight,Cryokinesis,Fire Control,Force Fields,Wind Control"
Thanos,"Agility,Accelerated Healing,Cold Resistance,Durability,Flight,Longevity,Intelligence,Super Strength,Telepathy,Energy Blasts,Stamina,Super Speed,Teleportation,Enhanced Senses,Energy Beams,Magic,Immortality,Reflexes,Invulnerability,Force Fields,Molecular Manipulation,Energy Manipulation,Heat Resistance,Radiation Immunity,Toxin and Disease Resistance,Telepathy Resistance,Omnilingualism,Time Manipulation,Matter Absorption,Vision - Heat,Reality Warping"
The Cape,Weapon-based Powers
The Comedian,Weapons Master
Thing,"Cold Resistance,Durability,Longevity,Super Strength,Stamina,Invulnerability,Fire Resistance,Natural Armor,Heat Resistance"
Thor,"Agility,Accelerated Healing,Durability,Flight,Longevity,Super Strength,Stamina,Super Speed,Weapon-based Powers,Teleportation,Enhanced Senses,Magic,Element Control,Reflexes,Invulnerability,Toxin and Disease Resistance,Weather Control,Odin Force"
Thor Girl,"Durability,Super Strength,Stamina,Super Speed,Immortality,Reflexes,Invulnerability,Toxin and Disease Resistance"
Thunderbird,"Durability,Super Strength,Stamina,Super Speed"
Thunderbird III,"Energy Absorption,Flight,Energy Blasts,Natural Weapons"
Thunderstrike,"Accelerated Healing,Durability,Longevity,Super Strength,Stamina,Super Speed,Toxin and Disease Resistance"
Thundra,"Agility,Super Strength,Stamina,Super Speed,Reflexes"
Tiger Shark,"Agility,Accelerated Healing,Cold Resistance,Durability,Underwater breathing,Animal Attributes,Super Strength,Stamina,Super Speed,Animal Oriented Powers,Reflexes,Natural Armor,Enhanced Sight,Natural Weapons,Enhanced Smell,Sub-Mariner"
Tigra,"Agility,Super Strength,Stamina,Super Speed,Enhanced Senses,Jump"
Tinkerer,Intelligence
Titan,"Flight,Super Strength,Super Speed"
Toad,"Agility,Accelerated Healing,Durability,Animal Attributes,Super Strength,Stamina,Animal Oriented Powers,Jump,Reflexes,Psionic Powers,Substance Secretion,Mind Control,Insanity,Toxin and Disease Control,Super Breath,Wallcrawling,Vision - Infrared"
Tommy Clarke,Teleportation
Toxin,"Agility,Accelerated Healing,Durability,Stealth,Danger Sense,Super Strength,Size Changing,Stamina,Super Speed,Weapon-based Powers,Jump,Shapeshifting,Camouflage,Reflexes,Substance Secretion,Natural Armor,Natural Weapons,Wallcrawling,Web Creation,Symbiote Costume"
Tracy Strauss,"Cold Resistance,Cryokinesis"
Trickster,Flight
Trigon,"Accelerated Healing,Durability,Flight,Super Strength,Stamina,Teleportation,Telekinesis,Dimensional Travel,Fire Control,Reflexes,Mind Control,Heat Generation,Regeneration,Illusions"
Triplicate Girl,"Flight,Duplication"
Triton,"Agility,Cold Resistance,Durability,Underwater breathing,Super Strength,Stamina,Super Speed,Reflexes,Sub-Mariner"
Tyrant,"Durability,Energy Absorption,Flight,Longevity,Intelligence,Super Strength,Energy Blasts,Stamina,Energy Beams,Immortality,Invulnerability,Technopath/Cyberpath,Energy Manipulation,Omnipotent,Matter Absorption,Reality Warping"
Ultragirl,"Durability,Flight,Super Strength,Stamina,Super Speed,Enhanced Senses,Reflexes,Invulnerability"
Ultron,"Agility,Durability,Stealth,Energy Absorption,Flight,Super Strength,Energy Armor,Energy Blasts,Stamina,Super Speed,Enhanced Senses,Energy Beams,Immortality,Enhanced Memory,Force Fields,Radiation Control,Technopath/Cyberpath,Mind Control,Enhanced Hearing,Gravity Control,Vision - Telescopic,Radiation Absorption,Vision - Night,Vision - X-Ray,Vision - Thermal"
Utgard-Loki,"Durability,Longevity,Super Strength,Stamina,Magic,Invulnerability"
Valerie Hart,"Agility,Super Strength,Weapon-based Powers,Reflexes,Changing Armor"
Valkyrie,"Durability,Super Strength,Stamina,Toxin and Disease Resistance"
Vanisher,Teleportation
Vegeta,"Agility,Accelerated Healing,Flight,Marksmanship,Longevity,Intelligence,Super Strength,Energy Blasts,Stamina,Super Speed,Jump,Shapeshifting,Immortality,Fire Control,Reflexes,Invulnerability,Force Fields,Enhanced Hearing,Heat Generation,Adaptation,Light Control,Levitation,Radar Sense"
Venom,"Accelerated Healing,Durability,Danger Sense,Super Strength,Stamina,Super Speed,Weapon-based Powers,Jump,Shapeshifting,Reflexes,Natural Weapons,Wallcrawling,Web Creation,Symbiote Costume"
Venom II,"Agility,Durability,Super Strength,Super Speed,Animal Oriented Powers,Shapeshifting,Camouflage,Reflexes,Wallcrawling"
Venom III,"Agility,Accelerated Healing,Durability,Danger Sense,Super Strength,Stamina,Super Speed,Animal Oriented Powers,Camouflage,Reflexes,Natural Weapons,Wallcrawling,Symbiote Costume"
Venompool,"Agility,Accelerated Healing,Dimensional Awareness,Durability,Stealth,Danger Sense,Marksmanship,Weapons Master,Longevity,Super Strength,Stamina,Super Speed,Weapon-based Powers,Teleportation,Jump,Immortality,Reflexes,Natural Armor,Regeneration,Natural Weapons,Toxin and Disease Resistance,Telepathy Resistance,Mind Control Resistance,Wallcrawling,Web Creation,Symbiote Costume"
Vertigo II,Psionic Powers
Vibe,"Dimensional Awareness,Energy Blasts,Teleportation,Dimensional Travel,Power Nullifier,Seismic Power"
Vindicator,"Durability,Flight,Energy Beams,Element Control,Force Fields,Heat Generation,Gravity Control,Water Control"
Violator,"Durability,Super Strength,Telepathy,Shapeshifting,Sonic Scream"
Violet Parr,"Stealth,Intelligence,Energy Constructs,Force Fields,Levitation,Invisibility"
Vision,"Durability,Stealth,Energy Absorption,Flight,Marksmanship,Intelligence,Super Strength,Telepathy,Energy Blasts,Density Control,Stamina,Super Speed,Energy Beams,Phasing,Reflexes,Invulnerability,Technopath/Cyberpath,Enhanced Hearing,Natural Armor,Intangibility"
Vixen,"Agility,Accelerated Healing,Stealth,Flight,Danger Sense,Animal Attributes,Super Strength,Stamina,Super Speed,Animal Oriented Powers,Shapeshifting,Force Fields,Enhanced Hearing,Enhanced Sight,Natural Weapons,Enhanced Smell,Wallcrawling"
Vulture,"Agility,Flight,Marksmanship,Super Strength,Super Speed,Animal Oriented Powers,Gravity Control,Levitation"
Walrus,"Durability,Super Strength,Natural Armor,Natural Weapons"
War Machine,"Durability,Energy Absorption,Flight,Underwater breathing,Marksmanship,Super Strength,Energy Blasts,Super Speed,Weapon-based Powers,Energy Beams,Phasing,Power Suit,Radiation Immunity,Vision - Telescopic,Magnetism,Invisibility,Vision - Night,Vision - Thermal"
Warlock,"Agility,Durability,Flight,Super Strength,Energy Blasts,Stamina,Super Speed,Reflexes,Energy Manipulation"
Warp,"Flight,Teleportation"
Warpath,"Agility,Cold Resistance,Durability,Super Strength,Stamina,Super Speed,Reflexes,Enhanced Hearing,Heat Resistance,Vision - Telescopic,Vision - Night"
Wasp,"Agility,Stealth,Flight,Intelligence,Super Strength,Energy Blasts,Size Changing,Animal Oriented Powers,Weapon-based Powers"
Watcher,"Dimensional Awareness,Flight,Intelligence,Telepathy,Size Changing,Teleportation,Immortality,Phasing,Invulnerability,Force Fields,Empathy,Psionic Powers,Enhanced Hearing,Energy Manipulation,Illusions,Telepathy Resistance,Omnilingualism,Invisibility"
Weapon XI,"Agility,Accelerated Healing,Super Strength,Energy Blasts,Super Speed,Weapon-based Powers,Teleportation"
White Canary,"Agility,Stealth,Weapons Master,Stamina,Reflexes"
Wildfire,"Energy Absorption,Flight,Super Strength,Energy Blasts,Size Changing,Invulnerability,Energy Manipulation,Vision - X-Ray"
Winter Soldier,"Marksmanship,Longevity,Super Strength,Energy Blasts,Peak Human Condition"
Wolfsbane,"Animal Attributes,Super Strength,Super Speed,Enhanced Senses,Shapeshifting,Reflexes,Natural Weapons,Vision - Thermal"
Wolverine,"Agility,Accelerated Healing,Cold Resistance,Durability,Stealth,Longevity,Super Strength,Stamina,Animal Oriented Powers,Enhanced Senses,Jump,Reflexes,Empathy,Enhanced Hearing,Enhanced Sight,Regeneration,Natural Weapons,Enhanced Smell,Vision - Telescopic,Toxin and Disease Resistance,Vision - Night"
Wonder Girl,"Agility,Durability,Flight,Longevity,Intelligence,Super Strength,Super Speed,Electrokinesis,Invulnerability"
Wonder Man,"Durability,Flight,Longevity,Super Strength,Energy Blasts,Size Changing,Stamina,Super Speed,Reflexes,Invulnerability,Self-Sustenance"
Wonder Woman,"Accelerated Healing,Durability,Flight,Marksmanship,Weapons Master,Longevity,Intelligence,Super Strength,Telepathy,Stamina,Super Speed,Animal Oriented Powers,Weapon-based Powers,Enhanced Senses,Dimensional Travel,Enhanced Memory,Reflexes,Force Fields,Fire Resistance,Enhanced Hearing,Hypnokinesis,Enhanced Smell,Vision - Telescopic,Toxin and Disease Resistance,Magic Resistance,Vision - Microscopic,Vision - Night,Vision - Infrared,Vision - X-Ray,Vision - Thermal"
X-23,"Agility,Accelerated Healing,Durability,Stealth,Marksmanship,Longevity,Super Strength,Stamina,Jump,Reflexes,Enhanced Hearing,Enhanced Sight,Natural Weapons,Enhanced Smell,Vision - Telescopic,Toxin and Disease Resistance,Vision - Night"
X-Man,"Flight,Telepathy,Astral Travel,Teleportation,Telekinesis,Phasing,Astral Projection,Psionic Powers,Mind Control,Intangibility,Illusions"
Yellowjacket,"Size Changing,Animal Oriented Powers"
Yellowjacket II,"Flight,Energy Blasts,Size Changing"
Ymir,"Cold Resistance,Durability,Longevity,Super Strength,Cryokinesis,Immortality"
Yoda,"Agility,Stealth,Danger Sense,Marksmanship,Weapons Master,Longevity,Intelligence,Telepathy,Energy Blasts,Stamina,Super Speed,Telekinesis,Jump,Reflexes,Force Fields,Empathy,Precognition,Cloaking,The Force"
Zatanna,"Cryokinesis,Telepathy,Magic,Fire Control,Probability Manipulation,Water Control,Terrakinesis,Weather Control"
Zoom,"Super Speed,Intangibility,Time Travel,Time Manipulation"